,file,coal,other,steel
0,deploy/44QLG_20210418_B04_BEN_0_1_17_1m_utm.tif,0.055965073,0.9311723,0.012862622
1,deploy/44QLG_20210418_B04_BEN_29_57_17_1m_utm.tif,0.0037714061,0.99516004,0.0010685283
2,deploy/44QLG_20210418_B04_BEN_50_13_17_1m_utm.tif,0.041636832,0.9319704,0.02639266
3,deploy/44QLG_20210418_B04_BEN_5_13_17_1m_utm.tif,0.17054404,0.6402235,0.18923251
4,deploy/44QLG_20210418_B04_BEN_5_14_17_1m_utm.tif,0.036018666,0.9557566,0.008224785
5,deploy/44QLG_20210418_B04_BEN_67_18_17_1m_utm.tif,0.047634646,0.93363625,0.018729027
6,deploy/44QLG_20210418_B04_BEN_6_16_17_1m_utm.tif,0.3454726,0.45038182,0.20414566
7,deploy/44QLG_20210418_B04_BEN_78_29_17_1m_utm.tif,0.25494263,0.68748206,0.05757531
8,deploy/44QLH_20210403_B04_BEN_48_17_17_1m_utm.tif,0.0681092,0.91204673,0.0198441
9,deploy/44QLH_20210403_B04_BEN_48_6_17_1m_utm.tif,0.00027212733,0.9995962,0.00013164728
10,deploy/44QLH_20210403_B04_BEN_49_12_17_1m_utm.tif,0.0017992585,0.9978999,0.0003008013
11,deploy/44QLH_20210403_B04_BEN_4_5_17_1m_utm.tif,0.0027644816,0.99659675,0.0006388272
12,deploy/44QLH_20210403_B04_BEN_63_14_17_1m_utm.tif,0.02432796,0.94537604,0.030296046
13,deploy/44QLH_20210403_B04_BEN_65_17_17_1m_utm.tif,0.008363152,0.98819923,0.0034375505
14,deploy/44QLH_20210403_B04_BEN_68_1_17_1m_utm.tif,0.6864008,0.13364194,0.1799573
15,deploy/44QLJ_20210403_B04_BEN_22_66_17_1m_utm.tif,0.21877648,0.6369073,0.1443162
16,deploy/44QLJ_20210403_B04_BEN_32_3_17_1m_utm.tif,0.43590763,0.43881702,0.12527528
17,deploy/44QLJ_20210403_B04_BEN_34_1_17_1m_utm.tif,0.4511217,0.37228712,0.17659117
18,deploy/44QLJ_20210403_B04_BEN_35_1_17_1m_utm.tif,0.30757305,0.59110826,0.10131876
19,deploy/44QLJ_20210403_B04_BEN_39_3_17_1m_utm.tif,0.0034469967,0.986899,0.009653982
20,deploy/44QLJ_20210403_B04_BEN_40_22_17_1m_utm.tif,0.017689798,0.97834206,0.0039681448
21,deploy/44QLJ_20210403_B04_BEN_40_23_17_1m_utm.tif,0.9326472,0.05226798,0.015084784
22,deploy/44QLJ_20210403_B04_BEN_40_24_17_1m_utm.tif,0.065152556,0.90742505,0.027422417
23,deploy/44QLL_20210518_B04_BEN_0_10_17_1m_utm.tif,0.0010184521,0.9986473,0.00033429172
24,deploy/44QLL_20210518_B04_BEN_0_14_17_1m_utm.tif,0.00031061238,0.99946374,0.00022567445
25,deploy/44QLL_20210518_B04_BEN_0_15_17_1m_utm.tif,0.00032805582,0.9994886,0.00018335781
26,deploy/44QLL_20210518_B04_BEN_10_10_17_1m_utm.tif,0.0004989045,0.99919087,0.0003101301
27,deploy/44QLL_20210518_B04_BEN_10_29_17_1m_utm.tif,0.0011400179,0.9983821,0.0004778451
28,deploy/44QLL_20210518_B04_BEN_11_20_17_1m_utm.tif,0.00038700798,0.9993807,0.00023234832
29,deploy/44QLL_20210518_B04_BEN_11_40_17_1m_utm.tif,0.0015596581,0.99770015,0.0007401148
30,deploy/44QLL_20210518_B04_BEN_11_9_17_1m_utm.tif,0.0008184304,0.99860734,0.0005743196
31,deploy/44QLL_20210518_B04_BEN_12_39_17_1m_utm.tif,0.0034521471,0.994945,0.0016028924
32,deploy/44QLL_20210518_B04_BEN_12_8_17_1m_utm.tif,0.00024253223,0.99961495,0.00014254947
33,deploy/44QLL_20210518_B04_BEN_13_17_17_1m_utm.tif,0.00030935567,0.9995247,0.00016596813
34,deploy/44QLL_20210518_B04_BEN_14_14_17_1m_utm.tif,0.00034087762,0.99942774,0.00023134612
35,deploy/44QLL_20210518_B04_BEN_14_8_17_1m_utm.tif,0.0004838616,0.999188,0.00032810666
36,deploy/44QLL_20210518_B04_BEN_15_12_17_1m_utm.tif,0.00033447635,0.9994209,0.0002446885
37,deploy/44QLL_20210518_B04_BEN_15_16_17_1m_utm.tif,0.00056870433,0.999132,0.00029927897
38,deploy/44QLL_20210518_B04_BEN_15_9_17_1m_utm.tif,0.00044847728,0.99912626,0.00042527763
39,deploy/44QLL_20210518_B04_BEN_16_12_17_1m_utm.tif,0.00026490664,0.99950373,0.00023142771
40,deploy/44QLL_20210518_B04_BEN_16_8_17_1m_utm.tif,0.00023825855,0.99956554,0.0001960884
41,deploy/44QLL_20210518_B04_BEN_17_21_17_1m_utm.tif,0.0005203751,0.99926513,0.00021456776
42,deploy/44QLL_20210518_B04_BEN_18_20_17_1m_utm.tif,0.0007020369,0.99883395,0.00046399148
43,deploy/44QLL_20210518_B04_BEN_18_33_17_1m_utm.tif,0.0008555307,0.998879,0.00026540566
44,deploy/44QLL_20210518_B04_BEN_19_19_17_1m_utm.tif,0.0029672561,0.9959269,0.001105763
45,deploy/44QLL_20210518_B04_BEN_19_34_17_1m_utm.tif,0.0029416105,0.99647886,0.00057957123
46,deploy/44QLL_20210518_B04_BEN_19_6_17_1m_utm.tif,0.00014388878,0.9996939,0.00016236475
47,deploy/44QLL_20210518_B04_BEN_1_10_17_1m_utm.tif,0.0011865973,0.9981552,0.0006582492
48,deploy/44QLL_20210518_B04_BEN_1_13_17_1m_utm.tif,0.0003676264,0.9993242,0.00030817417
49,deploy/44QLL_20210518_B04_BEN_1_17_17_1m_utm.tif,0.0005804879,0.99917966,0.0002399123
50,deploy/44QLL_20210518_B04_BEN_1_51_17_1m_utm.tif,0.0018490134,0.9973743,0.0007767699
51,deploy/44QLL_20210518_B04_BEN_21_11_17_1m_utm.tif,0.00019434956,0.99970776,9.787722e-05
52,deploy/44QLL_20210518_B04_BEN_21_31_17_1m_utm.tif,0.0008767735,0.9987,0.00042329577
53,deploy/44QLL_20210518_B04_BEN_21_32_17_1m_utm.tif,0.00077673106,0.99894315,0.0002801231
54,deploy/44QLL_20210518_B04_BEN_21_43_17_1m_utm.tif,0.0022229543,0.9972096,0.00056736165
55,deploy/44QLL_20210518_B04_BEN_22_31_17_1m_utm.tif,0.000884013,0.9988348,0.00028124635
56,deploy/44QLL_20210518_B04_BEN_23_30_17_1m_utm.tif,0.00345632,0.9953276,0.0012161089
57,deploy/44QLL_20210518_B04_BEN_23_32_17_1m_utm.tif,0.0037999707,0.99437547,0.001824553
58,deploy/44QLL_20210518_B04_BEN_24_17_17_1m_utm.tif,0.0004717895,0.99932873,0.00019953026
59,deploy/44QLL_20210518_B04_BEN_24_30_17_1m_utm.tif,0.0006890033,0.9987552,0.00055575976
60,deploy/44QLL_20210518_B04_BEN_24_31_17_1m_utm.tif,0.0018278306,0.9970489,0.0011232776
61,deploy/44QLL_20210518_B04_BEN_24_34_17_1m_utm.tif,0.0014296892,0.997996,0.00057439326
62,deploy/44QLL_20210518_B04_BEN_24_35_17_1m_utm.tif,0.0030763494,0.99618137,0.0007422966
63,deploy/44QLL_20210518_B04_BEN_24_42_17_1m_utm.tif,0.0018884822,0.9977703,0.00034121054
64,deploy/44QLL_20210518_B04_BEN_25_29_17_1m_utm.tif,0.0012895869,0.9979826,0.0007277673
65,deploy/44QLL_20210518_B04_BEN_25_31_17_1m_utm.tif,0.0024684095,0.9954913,0.0020403424
66,deploy/44QLL_20210518_B04_BEN_25_34_17_1m_utm.tif,0.0019831003,0.99720216,0.00081474683
67,deploy/44QLL_20210518_B04_BEN_25_41_17_1m_utm.tif,0.007550591,0.9914101,0.0010393737
68,deploy/44QLL_20210518_B04_BEN_25_45_17_1m_utm.tif,0.0061125327,0.9920859,0.0018015609
69,deploy/44QLL_20210518_B04_BEN_25_47_17_1m_utm.tif,0.0026755666,0.99696463,0.00035978953
70,deploy/44QLL_20210518_B04_BEN_25_48_17_1m_utm.tif,0.0028558646,0.99661034,0.0005338058
71,deploy/44QLL_20210518_B04_BEN_25_6_17_1m_utm.tif,0.00037367112,0.99938905,0.00023729159
72,deploy/44QLL_20210518_B04_BEN_26_30_17_1m_utm.tif,0.0017179865,0.99730635,0.0009756843
73,deploy/44QLL_20210518_B04_BEN_26_45_17_1m_utm.tif,0.0015325265,0.99801755,0.0004499183
74,deploy/44QLL_20210518_B04_BEN_26_47_17_1m_utm.tif,0.0016181595,0.9978257,0.0005561487
75,deploy/44QLL_20210518_B04_BEN_26_48_17_1m_utm.tif,0.0027183052,0.9967585,0.0005232185
76,deploy/44QLL_20210518_B04_BEN_26_49_17_1m_utm.tif,0.001143787,0.9986488,0.00020742607
77,deploy/44QLL_20210518_B04_BEN_27_12_17_1m_utm.tif,0.00027792616,0.99951756,0.00020450936
78,deploy/44QLL_20210518_B04_BEN_27_14_17_1m_utm.tif,0.0011128059,0.99862134,0.0002658022
79,deploy/44QLL_20210518_B04_BEN_27_20_17_1m_utm.tif,0.000524365,0.99919564,0.0002800491
80,deploy/44QLL_20210518_B04_BEN_27_22_17_1m_utm.tif,0.000791848,0.9989561,0.00025215818
81,deploy/44QLL_20210518_B04_BEN_27_30_17_1m_utm.tif,0.0013470715,0.99761957,0.0010333341
82,deploy/44QLL_20210518_B04_BEN_27_48_17_1m_utm.tif,0.0026551527,0.99683243,0.00051244925
83,deploy/44QLL_20210518_B04_BEN_27_49_17_1m_utm.tif,0.004890218,0.99391234,0.001197457
84,deploy/44QLL_20210518_B04_BEN_27_6_17_1m_utm.tif,0.00030442554,0.9994623,0.00023323605
85,deploy/44QLL_20210518_B04_BEN_28_22_17_1m_utm.tif,0.0011576263,0.9982224,0.0006200057
86,deploy/44QLL_20210518_B04_BEN_28_35_17_1m_utm.tif,0.00675491,0.99140304,0.001842053
87,deploy/44QLL_20210518_B04_BEN_28_40_17_1m_utm.tif,0.0051916363,0.99278545,0.0020229483
88,deploy/44QLL_20210518_B04_BEN_28_45_17_1m_utm.tif,0.019266782,0.9752231,0.0055100075
89,deploy/44QLL_20210518_B04_BEN_28_48_17_1m_utm.tif,0.00062686746,0.9991001,0.00027313732
90,deploy/44QLL_20210518_B04_BEN_28_5_17_1m_utm.tif,0.0007356132,0.99878484,0.0004796014
91,deploy/44QLL_20210518_B04_BEN_29_15_17_1m_utm.tif,0.00017707788,0.9997328,9.01481e-05
92,deploy/44QLL_20210518_B04_BEN_29_19_17_1m_utm.tif,0.00027968842,0.9995908,0.0001294892
93,deploy/44QLL_20210518_B04_BEN_29_26_17_1m_utm.tif,0.0010875728,0.99836475,0.00054772873
94,deploy/44QLL_20210518_B04_BEN_29_30_17_1m_utm.tif,0.0014812186,0.9979122,0.00060659857
95,deploy/44QLL_20210518_B04_BEN_29_38_17_1m_utm.tif,0.0020508093,0.9972729,0.0006763396
96,deploy/44QLL_20210518_B04_BEN_29_40_17_1m_utm.tif,0.00096352445,0.9987117,0.0003248038
97,deploy/44QLL_20210518_B04_BEN_29_45_17_1m_utm.tif,0.0027218822,0.9968707,0.0004074649
98,deploy/44QLL_20210518_B04_BEN_29_52_17_1m_utm.tif,0.0014229576,0.9979334,0.0006436886
99,deploy/44QLL_20210518_B04_BEN_2_11_17_1m_utm.tif,0.00038918457,0.9993849,0.00022592732
100,deploy/44QLL_20210518_B04_BEN_2_33_17_1m_utm.tif,0.0012382459,0.9984818,0.00027991764
101,deploy/44QLL_20210518_B04_BEN_2_39_17_1m_utm.tif,0.0012204339,0.9982407,0.000538842
102,deploy/44QLL_20210518_B04_BEN_2_46_17_1m_utm.tif,0.0015652038,0.9979007,0.0005340453
103,deploy/44QLL_20210518_B04_BEN_2_49_17_1m_utm.tif,0.0013487438,0.99800485,0.0006464207
104,deploy/44QLL_20210518_B04_BEN_2_50_17_1m_utm.tif,0.0010033429,0.998662,0.00033463634
105,deploy/44QLL_20210518_B04_BEN_30_14_17_1m_utm.tif,0.0011599521,0.9984724,0.00036768036
106,deploy/44QLL_20210518_B04_BEN_30_16_17_1m_utm.tif,0.00021547328,0.99967873,0.0001058343
107,deploy/44QLL_20210518_B04_BEN_30_19_17_1m_utm.tif,0.0011299773,0.9983834,0.0004866409
108,deploy/44QLL_20210518_B04_BEN_30_31_17_1m_utm.tif,0.0023199157,0.9971746,0.00050549506
109,deploy/44QLL_20210518_B04_BEN_30_38_17_1m_utm.tif,0.0029588954,0.99625117,0.0007900203
110,deploy/44QLL_20210518_B04_BEN_30_39_17_1m_utm.tif,0.004351865,0.99434763,0.0013004437
111,deploy/44QLL_20210518_B04_BEN_30_42_17_1m_utm.tif,0.0039963443,0.9945749,0.0014287186
112,deploy/44QLL_20210518_B04_BEN_30_50_17_1m_utm.tif,0.0030480528,0.99579704,0.0011549718
113,deploy/44QLL_20210518_B04_BEN_30_51_17_1m_utm.tif,0.0026019362,0.9967547,0.0006432816
114,deploy/44QLL_20210518_B04_BEN_30_7_17_1m_utm.tif,0.00027443687,0.9995759,0.00014962055
115,deploy/44QLL_20210518_B04_BEN_31_23_17_1m_utm.tif,0.0015400932,0.9981152,0.0003447136
116,deploy/44QLL_20210518_B04_BEN_31_25_17_1m_utm.tif,0.0037286384,0.9954887,0.00078260555
117,deploy/44QLL_20210518_B04_BEN_31_26_17_1m_utm.tif,0.0034768651,0.9955427,0.0009804339
118,deploy/44QLL_20210518_B04_BEN_31_29_17_1m_utm.tif,0.0012179964,0.9984004,0.0003815823
119,deploy/44QLL_20210518_B04_BEN_31_31_17_1m_utm.tif,0.0032243447,0.9957022,0.0010733394
120,deploy/44QLL_20210518_B04_BEN_31_41_17_1m_utm.tif,0.0046628346,0.9937681,0.0015690993
121,deploy/44QLL_20210518_B04_BEN_31_49_17_1m_utm.tif,0.00095969765,0.99866796,0.00037236986
122,deploy/44QLL_20210518_B04_BEN_31_50_17_1m_utm.tif,0.0011121607,0.99853265,0.00035515605
123,deploy/44QLL_20210518_B04_BEN_31_9_17_1m_utm.tif,0.00046544377,0.999355,0.0001794764
124,deploy/44QLL_20210518_B04_BEN_32_29_17_1m_utm.tif,0.00089316076,0.99873656,0.0003703136
125,deploy/44QLL_20210518_B04_BEN_32_31_17_1m_utm.tif,0.0019203799,0.9977315,0.0003481669
126,deploy/44QLL_20210518_B04_BEN_32_49_17_1m_utm.tif,0.0014666205,0.9979365,0.0005969134
127,deploy/44QLL_20210518_B04_BEN_32_53_17_1m_utm.tif,0.0021509305,0.99703705,0.00081207865
128,deploy/44QLL_20210518_B04_BEN_32_54_17_1m_utm.tif,0.0011832268,0.99818355,0.0006331249
129,deploy/44QLL_20210518_B04_BEN_32_55_17_1m_utm.tif,0.00071021594,0.9990823,0.00020746882
130,deploy/44QLL_20210518_B04_BEN_32_56_17_1m_utm.tif,0.0006411466,0.99902546,0.00033333286
131,deploy/44QLL_20210518_B04_BEN_32_5_17_1m_utm.tif,0.0011961907,0.99824226,0.00056158646
132,deploy/44QLL_20210518_B04_BEN_32_8_17_1m_utm.tif,0.000418775,0.99935263,0.00022860359
133,deploy/44QLL_20210518_B04_BEN_32_9_17_1m_utm.tif,0.0011018564,0.9984711,0.00042703157
134,deploy/44QLL_20210518_B04_BEN_33_19_17_1m_utm.tif,0.0018371985,0.9973137,0.000849058
135,deploy/44QLL_20210518_B04_BEN_33_27_17_1m_utm.tif,0.0027387633,0.99685466,0.00040647524
136,deploy/44QLL_20210518_B04_BEN_33_28_17_1m_utm.tif,0.0014966569,0.9980597,0.0004437261
137,deploy/44QLL_20210518_B04_BEN_33_3_17_1m_utm.tif,0.00032841114,0.99950397,0.00016769345
138,deploy/44QLL_20210518_B04_BEN_33_50_17_1m_utm.tif,0.002034744,0.9973062,0.000659043
139,deploy/44QLL_20210518_B04_BEN_33_52_17_1m_utm.tif,0.0023707182,0.9965822,0.0010471493
140,deploy/44QLL_20210518_B04_BEN_33_55_17_1m_utm.tif,0.0031684441,0.9951904,0.0016412006
141,deploy/44QLL_20210518_B04_BEN_33_5_17_1m_utm.tif,0.0015150118,0.9976457,0.0008392294
142,deploy/44QLL_20210518_B04_BEN_33_6_17_1m_utm.tif,0.00309293,0.99598783,0.00091922196
143,deploy/44QLL_20210518_B04_BEN_34_26_17_1m_utm.tif,0.002956761,0.9964025,0.00064068567
144,deploy/44QLL_20210518_B04_BEN_34_41_17_1m_utm.tif,0.0014223303,0.99807477,0.00050294417
145,deploy/44QLL_20210518_B04_BEN_34_55_17_1m_utm.tif,0.0015554446,0.99771667,0.000727876
146,deploy/44QLL_20210518_B04_BEN_34_57_17_1m_utm.tif,0.0027739385,0.9959549,0.0012712152
147,deploy/44QLL_20210518_B04_BEN_34_7_17_1m_utm.tif,0.0010494934,0.9986694,0.00028113087
148,deploy/44QLL_20210518_B04_BEN_35_24_17_1m_utm.tif,0.0012137627,0.99833363,0.00045257568
149,deploy/44QLL_20210518_B04_BEN_35_53_17_1m_utm.tif,0.0006499268,0.9990761,0.00027393523
150,deploy/44QLL_20210518_B04_BEN_35_54_17_1m_utm.tif,0.0015839494,0.9977367,0.00067935884
151,deploy/44QLL_20210518_B04_BEN_35_5_17_1m_utm.tif,0.0006246515,0.99901605,0.00035931027
152,deploy/44QLL_20210518_B04_BEN_35_61_17_1m_utm.tif,0.0014373327,0.9974841,0.0010785348
153,deploy/44QLL_20210518_B04_BEN_35_62_17_1m_utm.tif,0.008347169,0.9883384,0.0033145181
154,deploy/44QLL_20210518_B04_BEN_36_54_17_1m_utm.tif,0.0013029452,0.99815863,0.00053847
155,deploy/44QLL_20210518_B04_BEN_37_42_17_1m_utm.tif,0.00354935,0.995494,0.00095666765
156,deploy/44QLL_20210518_B04_BEN_37_45_17_1m_utm.tif,0.0015010388,0.9979955,0.0005035166
157,deploy/44QLL_20210518_B04_BEN_37_57_17_1m_utm.tif,0.0019772046,0.9969759,0.0010469178
158,deploy/44QLL_20210518_B04_BEN_38_12_17_1m_utm.tif,0.00090438424,0.9985526,0.0005429805
159,deploy/44QLL_20210518_B04_BEN_38_14_17_1m_utm.tif,0.0016113875,0.9976943,0.0006942425
160,deploy/44QLL_20210518_B04_BEN_38_2_17_1m_utm.tif,0.0023876142,0.9967872,0.0008252476
161,deploy/44QLL_20210518_B04_BEN_38_42_17_1m_utm.tif,0.0005883974,0.99909484,0.00031678274
162,deploy/44QLL_20210518_B04_BEN_38_44_17_1m_utm.tif,0.0012397441,0.99829704,0.00046327178
163,deploy/44QLL_20210518_B04_BEN_38_58_17_1m_utm.tif,0.0016976709,0.99766386,0.0006385903
164,deploy/44QLL_20210518_B04_BEN_38_59_17_1m_utm.tif,0.0013985811,0.99833256,0.00026890222
165,deploy/44QLL_20210518_B04_BEN_38_60_17_1m_utm.tif,0.0029508942,0.9959739,0.0010752496
166,deploy/44QLL_20210518_B04_BEN_38_7_17_1m_utm.tif,0.0005932105,0.99898773,0.000419104
167,deploy/44QLL_20210518_B04_BEN_38_9_17_1m_utm.tif,0.0024764724,0.99646395,0.0010596368
168,deploy/44QLL_20210518_B04_BEN_39_12_17_1m_utm.tif,0.0013374526,0.99797326,0.00068933173
169,deploy/44QLL_20210518_B04_BEN_39_15_17_1m_utm.tif,0.00092687644,0.9984596,0.00061357836
170,deploy/44QLL_20210518_B04_BEN_39_1_17_1m_utm.tif,0.001158532,0.99774086,0.001100619
171,deploy/44QLL_20210518_B04_BEN_39_56_17_1m_utm.tif,0.003003562,0.9950606,0.0019357532
172,deploy/44QLL_20210518_B04_BEN_39_59_17_1m_utm.tif,0.00092060893,0.9986714,0.00040794758
173,deploy/44QLL_20210518_B04_BEN_3_49_17_1m_utm.tif,0.0018255333,0.9973659,0.0008085666
174,deploy/44QLL_20210518_B04_BEN_40_10_17_1m_utm.tif,0.0011945022,0.998164,0.0006414258
175,deploy/44QLL_20210518_B04_BEN_40_11_17_1m_utm.tif,0.0014207402,0.9979188,0.0006604712
176,deploy/44QLL_20210518_B04_BEN_40_16_17_1m_utm.tif,0.001543818,0.99798286,0.00047324182
177,deploy/44QLL_20210518_B04_BEN_40_17_17_1m_utm.tif,0.0018424883,0.99770784,0.0004497062
178,deploy/44QLL_20210518_B04_BEN_40_28_17_1m_utm.tif,0.002619251,0.99686426,0.0005164012
179,deploy/44QLL_20210518_B04_BEN_40_43_17_1m_utm.tif,0.0012309677,0.99834275,0.0004263527
180,deploy/44QLL_20210518_B04_BEN_40_56_17_1m_utm.tif,0.0023980676,0.9970233,0.0005786085
181,deploy/44QLL_20210518_B04_BEN_40_59_17_1m_utm.tif,0.0014430373,0.99816114,0.000395825
182,deploy/44QLL_20210518_B04_BEN_40_7_17_1m_utm.tif,0.000589023,0.9991904,0.00022058975
183,deploy/44QLL_20210518_B04_BEN_41_16_17_1m_utm.tif,0.0022542959,0.9969254,0.0008203038
184,deploy/44QLL_20210518_B04_BEN_41_17_17_1m_utm.tif,0.003458839,0.9951652,0.0013758809
185,deploy/44QLL_20210518_B04_BEN_41_38_17_1m_utm.tif,0.00064320286,0.99919313,0.00016368154
186,deploy/44QLL_20210518_B04_BEN_41_47_17_1m_utm.tif,0.0008712025,0.998882,0.00024681125
187,deploy/44QLL_20210518_B04_BEN_41_49_17_1m_utm.tif,0.0016672127,0.99747556,0.0008572288
188,deploy/44QLL_20210518_B04_BEN_41_56_17_1m_utm.tif,0.0013242026,0.99829704,0.00037874514
189,deploy/44QLL_20210518_B04_BEN_41_59_17_1m_utm.tif,0.0037931546,0.99539113,0.00081566884
190,deploy/44QLL_20210518_B04_BEN_41_60_17_1m_utm.tif,0.002312367,0.9968599,0.0008276898
191,deploy/44QLL_20210518_B04_BEN_42_1_17_1m_utm.tif,0.0010902892,0.9983746,0.0005351495
192,deploy/44QLL_20210518_B04_BEN_42_32_17_1m_utm.tif,0.0010002186,0.9986827,0.0003170624
193,deploy/44QLL_20210518_B04_BEN_42_37_17_1m_utm.tif,0.00085168873,0.99879175,0.00035665542
194,deploy/44QLL_20210518_B04_BEN_42_38_17_1m_utm.tif,0.0004926301,0.9993272,0.00018022074
195,deploy/44QLL_20210518_B04_BEN_42_43_17_1m_utm.tif,0.0021899801,0.9968231,0.000986981
196,deploy/44QLL_20210518_B04_BEN_42_56_17_1m_utm.tif,0.004131253,0.9952362,0.0006325741
197,deploy/44QLL_20210518_B04_BEN_42_57_17_1m_utm.tif,0.0020874795,0.9973303,0.0005822351
198,deploy/44QLL_20210518_B04_BEN_42_58_17_1m_utm.tif,0.0045648133,0.99421835,0.0012168158
199,deploy/44QLL_20210518_B04_BEN_42_59_17_1m_utm.tif,0.0020847758,0.99742496,0.0004902215
200,deploy/44QLL_20210518_B04_BEN_42_6_17_1m_utm.tif,0.000669239,0.9991628,0.00016791893
201,deploy/44QLL_20210518_B04_BEN_43_32_17_1m_utm.tif,0.0006336673,0.999131,0.00023533481
202,deploy/44QLL_20210518_B04_BEN_43_40_17_1m_utm.tif,0.0010993715,0.9983889,0.00051172497
203,deploy/44QLL_20210518_B04_BEN_43_47_17_1m_utm.tif,0.00054590654,0.99924517,0.00020889229
204,deploy/44QLL_20210518_B04_BEN_43_52_17_1m_utm.tif,0.00046617934,0.9993352,0.0001985392
205,deploy/44QLL_20210518_B04_BEN_43_56_17_1m_utm.tif,0.0015486381,0.9981306,0.00032084517
206,deploy/44QLL_20210518_B04_BEN_43_57_17_1m_utm.tif,0.00092411466,0.9988356,0.00024028965
207,deploy/44QLL_20210518_B04_BEN_43_9_17_1m_utm.tif,0.0011021947,0.9976458,0.0012519984
208,deploy/44QLL_20210518_B04_BEN_44_10_17_1m_utm.tif,0.0048243515,0.99315876,0.002016926
209,deploy/44QLL_20210518_B04_BEN_44_14_17_1m_utm.tif,0.0019320513,0.9975356,0.0005324303
210,deploy/44QLL_20210518_B04_BEN_44_18_17_1m_utm.tif,0.00082243246,0.99891114,0.0002664083
211,deploy/44QLL_20210518_B04_BEN_44_31_17_1m_utm.tif,0.002109704,0.9969592,0.00093115546
212,deploy/44QLL_20210518_B04_BEN_44_32_17_1m_utm.tif,0.0011015731,0.9984478,0.00045061862
213,deploy/44QLL_20210518_B04_BEN_44_40_17_1m_utm.tif,0.0029851655,0.9963086,0.00070617493
214,deploy/44QLL_20210518_B04_BEN_44_41_17_1m_utm.tif,0.002128159,0.99699783,0.00087401626
215,deploy/44QLL_20210518_B04_BEN_44_42_17_1m_utm.tif,0.0011889702,0.9985019,0.00030909188
216,deploy/44QLL_20210518_B04_BEN_44_50_17_1m_utm.tif,0.00084225734,0.9988323,0.00032544642
217,deploy/44QLL_20210518_B04_BEN_44_55_17_1m_utm.tif,0.0026184681,0.99666935,0.00071211386
218,deploy/44QLL_20210518_B04_BEN_44_56_17_1m_utm.tif,0.0026128693,0.99661714,0.00077002245
219,deploy/44QLL_20210518_B04_BEN_44_8_17_1m_utm.tif,0.00088478165,0.9987198,0.00039532915
220,deploy/44QLL_20210518_B04_BEN_45_19_17_1m_utm.tif,0.0019352522,0.9973846,0.0006801292
221,deploy/44QLL_20210518_B04_BEN_45_29_17_1m_utm.tif,0.0008887567,0.99880266,0.00030866437
222,deploy/44QLL_20210518_B04_BEN_45_30_17_1m_utm.tif,0.00080558704,0.99871504,0.00047944763
223,deploy/44QLL_20210518_B04_BEN_45_39_17_1m_utm.tif,0.00086972857,0.9987658,0.0003644967
224,deploy/44QLL_20210518_B04_BEN_45_41_17_1m_utm.tif,0.00074825773,0.9988738,0.00037791766
225,deploy/44QLL_20210518_B04_BEN_45_47_17_1m_utm.tif,0.00047126424,0.9993086,0.00022011042
226,deploy/44QLL_20210518_B04_BEN_45_54_17_1m_utm.tif,0.0011551509,0.9982141,0.0006307427
227,deploy/44QLL_20210518_B04_BEN_45_55_17_1m_utm.tif,0.0031531171,0.99610174,0.00074514584
228,deploy/44QLL_20210518_B04_BEN_45_8_17_1m_utm.tif,0.0012056747,0.9981725,0.0006217993
229,deploy/44QLL_20210518_B04_BEN_46_10_17_1m_utm.tif,0.0014377575,0.998171,0.00039121695
230,deploy/44QLL_20210518_B04_BEN_46_42_17_1m_utm.tif,0.0010221654,0.9986952,0.00028261988
231,deploy/44QLL_20210518_B04_BEN_46_54_17_1m_utm.tif,0.0011072184,0.9984615,0.0004313853
232,deploy/44QLL_20210518_B04_BEN_46_5_17_1m_utm.tif,0.0013307363,0.99796283,0.00070641714
233,deploy/44QLL_20210518_B04_BEN_46_6_17_1m_utm.tif,0.00071045576,0.9989342,0.00035537934
234,deploy/44QLL_20210518_B04_BEN_46_7_17_1m_utm.tif,0.002055435,0.9971455,0.00079906586
235,deploy/44QLL_20210518_B04_BEN_47_10_17_1m_utm.tif,0.00058227376,0.9989581,0.0004595735
236,deploy/44QLL_20210518_B04_BEN_47_11_17_1m_utm.tif,0.0009537685,0.9985567,0.00048960594
237,deploy/44QLL_20210518_B04_BEN_47_13_17_1m_utm.tif,0.0016230309,0.9977709,0.0006061261
238,deploy/44QLL_20210518_B04_BEN_47_14_17_1m_utm.tif,0.0021164918,0.997375,0.00050857797
239,deploy/44QLL_20210518_B04_BEN_47_17_17_1m_utm.tif,0.0058823465,0.9924596,0.0016580507
240,deploy/44QLL_20210518_B04_BEN_47_21_17_1m_utm.tif,0.0036092866,0.99440765,0.0019830822
241,deploy/44QLL_20210518_B04_BEN_47_36_17_1m_utm.tif,0.00092444406,0.99852824,0.00054731476
242,deploy/44QLL_20210518_B04_BEN_47_39_17_1m_utm.tif,0.00047463668,0.99934775,0.00017761809
243,deploy/44QLL_20210518_B04_BEN_47_42_17_1m_utm.tif,0.00048201223,0.9992895,0.00022849783
244,deploy/44QLL_20210518_B04_BEN_47_43_17_1m_utm.tif,0.000741403,0.9989222,0.0003363735
245,deploy/44QLL_20210518_B04_BEN_47_44_17_1m_utm.tif,0.0002944072,0.9995888,0.000116765164
246,deploy/44QLL_20210518_B04_BEN_47_53_17_1m_utm.tif,0.0016448222,0.99777645,0.00057870493
247,deploy/44QLL_20210518_B04_BEN_48_13_17_1m_utm.tif,0.0015850723,0.9976521,0.0007627712
248,deploy/44QLL_20210518_B04_BEN_48_35_17_1m_utm.tif,0.0006072985,0.9991966,0.00019623766
249,deploy/44QLL_20210518_B04_BEN_48_7_17_1m_utm.tif,0.00063496997,0.9991258,0.00023930664
250,deploy/44QLL_20210518_B04_BEN_49_26_17_1m_utm.tif,0.00019119443,0.99963856,0.00017024543
251,deploy/44QLL_20210518_B04_BEN_49_30_17_1m_utm.tif,0.00091202045,0.9987545,0.0003335426
252,deploy/44QLL_20210518_B04_BEN_49_31_17_1m_utm.tif,0.0007344811,0.9989772,0.00028833727
253,deploy/44QLL_20210518_B04_BEN_49_32_17_1m_utm.tif,0.0007433399,0.99900764,0.00024903586
254,deploy/44QLL_20210518_B04_BEN_49_3_17_1m_utm.tif,0.0012229322,0.9984163,0.00036074748
255,deploy/44QLL_20210518_B04_BEN_49_42_17_1m_utm.tif,0.0022863173,0.99669003,0.0010235307
256,deploy/44QLL_20210518_B04_BEN_49_45_17_1m_utm.tif,0.0011225401,0.9983046,0.0005728225
257,deploy/44QLL_20210518_B04_BEN_49_51_17_1m_utm.tif,0.0012867259,0.9982497,0.00046349462
258,deploy/44QLL_20210518_B04_BEN_49_5_17_1m_utm.tif,0.0006986042,0.9989581,0.00034333993
259,deploy/44QLL_20210518_B04_BEN_49_7_17_1m_utm.tif,0.00041265273,0.99937195,0.00021542175
260,deploy/44QLL_20210518_B04_BEN_4_39_17_1m_utm.tif,0.0014295146,0.9980064,0.0005639879
261,deploy/44QLL_20210518_B04_BEN_50_32_17_1m_utm.tif,0.0013369853,0.9981061,0.00055686076
262,deploy/44QLL_20210518_B04_BEN_50_33_17_1m_utm.tif,0.0010063023,0.99858606,0.0004076786
263,deploy/44QLL_20210518_B04_BEN_50_3_17_1m_utm.tif,0.00026467498,0.9996025,0.00013283841
264,deploy/44QLL_20210518_B04_BEN_50_40_17_1m_utm.tif,0.0004496327,0.99935585,0.00019451826
265,deploy/44QLL_20210518_B04_BEN_50_41_17_1m_utm.tif,0.0008925136,0.99864894,0.0004585818
266,deploy/44QLL_20210518_B04_BEN_50_48_17_1m_utm.tif,0.0010469642,0.9984445,0.0005085401
267,deploy/44QLL_20210518_B04_BEN_50_50_17_1m_utm.tif,0.0022098606,0.9966671,0.0011229716
268,deploy/44QLL_20210518_B04_BEN_51_10_17_1m_utm.tif,0.0009619587,0.99849904,0.00053901953
269,deploy/44QLL_20210518_B04_BEN_51_27_17_1m_utm.tif,0.0010525085,0.9984856,0.000461902
270,deploy/44QLL_20210518_B04_BEN_51_29_17_1m_utm.tif,0.0019547062,0.9969739,0.0010714657
271,deploy/44QLL_20210518_B04_BEN_51_34_17_1m_utm.tif,0.0010479747,0.99843174,0.0005202985
272,deploy/44QLL_20210518_B04_BEN_51_37_17_1m_utm.tif,0.00039814124,0.9994562,0.00014555293
273,deploy/44QLL_20210518_B04_BEN_51_39_17_1m_utm.tif,0.0007392989,0.99897635,0.0002843426
274,deploy/44QLL_20210518_B04_BEN_51_40_17_1m_utm.tif,0.0013439386,0.998372,0.00028413557
275,deploy/44QLL_20210518_B04_BEN_52_10_17_1m_utm.tif,0.0013264297,0.9982627,0.00041094382
276,deploy/44QLL_20210518_B04_BEN_52_18_17_1m_utm.tif,0.00048530413,0.9993094,0.00020530284
277,deploy/44QLL_20210518_B04_BEN_52_21_17_1m_utm.tif,0.0021112033,0.9965598,0.0013289655
278,deploy/44QLL_20210518_B04_BEN_52_27_17_1m_utm.tif,0.0015406944,0.9977908,0.0006684501
279,deploy/44QLL_20210518_B04_BEN_52_46_17_1m_utm.tif,0.00090394495,0.99883455,0.0002614366
280,deploy/44QLL_20210518_B04_BEN_52_9_17_1m_utm.tif,0.00029018312,0.99960536,0.00010453997
281,deploy/44QLL_20210518_B04_BEN_53_24_17_1m_utm.tif,0.0013465291,0.9981223,0.00053115503
282,deploy/44QLL_20210518_B04_BEN_53_25_17_1m_utm.tif,0.00094611733,0.99852705,0.00052685884
283,deploy/44QLL_20210518_B04_BEN_53_27_17_1m_utm.tif,0.0008744357,0.9988556,0.00026987933
284,deploy/44QLL_20210518_B04_BEN_53_35_17_1m_utm.tif,0.00090188667,0.9987785,0.00031954204
285,deploy/44QLL_20210518_B04_BEN_53_8_17_1m_utm.tif,0.0003130617,0.9995677,0.000119273725
286,deploy/44QLL_20210518_B04_BEN_54_17_17_1m_utm.tif,0.00043458905,0.9994072,0.00015817267
287,deploy/44QLL_20210518_B04_BEN_54_23_17_1m_utm.tif,0.0024207192,0.99634665,0.001232682
288,deploy/44QLL_20210518_B04_BEN_54_27_17_1m_utm.tif,0.0032894001,0.99564505,0.0010655731
289,deploy/44QLL_20210518_B04_BEN_54_28_17_1m_utm.tif,0.0011384161,0.99811906,0.0007424701
290,deploy/44QLL_20210518_B04_BEN_54_32_17_1m_utm.tif,0.0028962095,0.99574405,0.0013597758
291,deploy/44QLL_20210518_B04_BEN_54_33_17_1m_utm.tif,0.001398722,0.99790657,0.00069475046
292,deploy/44QLL_20210518_B04_BEN_54_34_17_1m_utm.tif,0.0009815703,0.9987037,0.00031465082
293,deploy/44QLL_20210518_B04_BEN_54_35_17_1m_utm.tif,0.0008906556,0.9988174,0.00029198223
294,deploy/44QLL_20210518_B04_BEN_54_44_17_1m_utm.tif,0.0016355005,0.9978783,0.0004861983
295,deploy/44QLL_20210518_B04_BEN_54_4_17_1m_utm.tif,0.00043722978,0.9993774,0.00018543346
296,deploy/44QLL_20210518_B04_BEN_54_58_17_1m_utm.tif,0.004601163,0.99393517,0.0014636858
297,deploy/44QLL_20210518_B04_BEN_54_60_17_1m_utm.tif,0.0011347781,0.99849534,0.0003698252
298,deploy/44QLL_20210518_B04_BEN_55_15_17_1m_utm.tif,0.0028768475,0.9964032,0.0007199019
299,deploy/44QLL_20210518_B04_BEN_55_17_17_1m_utm.tif,0.0003085845,0.99950457,0.0001868339
300,deploy/44QLL_20210518_B04_BEN_55_25_17_1m_utm.tif,0.0019064082,0.99709487,0.0009986998
301,deploy/44QLL_20210518_B04_BEN_55_28_17_1m_utm.tif,0.0028908157,0.9961941,0.0009150225
302,deploy/44QLL_20210518_B04_BEN_55_29_17_1m_utm.tif,0.0020070919,0.9971589,0.00083402585
303,deploy/44QLL_20210518_B04_BEN_55_31_17_1m_utm.tif,0.004099329,0.9939075,0.0019932003
304,deploy/44QLL_20210518_B04_BEN_55_43_17_1m_utm.tif,0.004000109,0.99517304,0.0008269111
305,deploy/44QLL_20210518_B04_BEN_55_4_17_1m_utm.tif,0.00026083848,0.9995696,0.00016953459
306,deploy/44QLL_20210518_B04_BEN_55_54_17_1m_utm.tif,0.0013316345,0.9979971,0.0006712774
307,deploy/44QLL_20210518_B04_BEN_55_55_17_1m_utm.tif,0.0027835048,0.9963619,0.00085464213
308,deploy/44QLL_20210518_B04_BEN_55_56_17_1m_utm.tif,0.0019717535,0.99733883,0.00068950054
309,deploy/44QLL_20210518_B04_BEN_55_57_17_1m_utm.tif,0.0017374543,0.99779,0.0004725979
310,deploy/44QLL_20210518_B04_BEN_55_58_17_1m_utm.tif,0.0062095197,0.9924171,0.0013734496
311,deploy/44QLL_20210518_B04_BEN_55_5_17_1m_utm.tif,0.00023538404,0.99958116,0.00018355467
312,deploy/44QLL_20210518_B04_BEN_55_7_17_1m_utm.tif,0.0003791348,0.99941945,0.00020144283
313,deploy/44QLL_20210518_B04_BEN_56_11_17_1m_utm.tif,0.0007988521,0.9989334,0.0002678725
314,deploy/44QLL_20210518_B04_BEN_56_14_17_1m_utm.tif,0.0008738494,0.9987772,0.00034892443
315,deploy/44QLL_20210518_B04_BEN_56_15_17_1m_utm.tif,0.00036438086,0.99947447,0.00016118343
316,deploy/44QLL_20210518_B04_BEN_56_18_17_1m_utm.tif,0.0004023626,0.99936634,0.00023137868
317,deploy/44QLL_20210518_B04_BEN_56_19_17_1m_utm.tif,0.00087227294,0.9986935,0.0004341553
318,deploy/44QLL_20210518_B04_BEN_56_1_17_1m_utm.tif,0.0001648722,0.9997297,0.000105507526
319,deploy/44QLL_20210518_B04_BEN_56_20_17_1m_utm.tif,0.0011723075,0.99818295,0.0006447556
320,deploy/44QLL_20210518_B04_BEN_56_53_17_1m_utm.tif,0.0010364956,0.9986331,0.00033038107
321,deploy/44QLL_20210518_B04_BEN_56_55_17_1m_utm.tif,0.0028972041,0.9961986,0.00090425846
322,deploy/44QLL_20210518_B04_BEN_56_56_17_1m_utm.tif,0.0019833834,0.9973717,0.00064491667
323,deploy/44QLL_20210518_B04_BEN_56_57_17_1m_utm.tif,0.0019704688,0.9974886,0.000540908
324,deploy/44QLL_20210518_B04_BEN_56_8_17_1m_utm.tif,0.0007365715,0.9988187,0.00044476285
325,deploy/44QLL_20210518_B04_BEN_56_9_17_1m_utm.tif,0.00073254766,0.9990711,0.0001963122
326,deploy/44QLL_20210518_B04_BEN_57_11_17_1m_utm.tif,0.0005552765,0.9992887,0.00015610892
327,deploy/44QLL_20210518_B04_BEN_57_14_17_1m_utm.tif,0.00074389763,0.9988662,0.0003899773
328,deploy/44QLL_20210518_B04_BEN_57_19_17_1m_utm.tif,0.0030631314,0.9957064,0.0012305825
329,deploy/44QLL_20210518_B04_BEN_57_21_17_1m_utm.tif,0.0027826233,0.99596846,0.0012489568
330,deploy/44QLL_20210518_B04_BEN_57_28_17_1m_utm.tif,0.003074517,0.9955178,0.0014077373
331,deploy/44QLL_20210518_B04_BEN_57_33_17_1m_utm.tif,0.0032455698,0.99497116,0.0017832963
332,deploy/44QLL_20210518_B04_BEN_57_36_17_1m_utm.tif,0.0009229583,0.9986524,0.00042470556
333,deploy/44QLL_20210518_B04_BEN_57_53_17_1m_utm.tif,0.0008906867,0.9987913,0.0003180691
334,deploy/44QLL_20210518_B04_BEN_57_54_17_1m_utm.tif,0.0021906504,0.99678683,0.0010225173
335,deploy/44QLL_20210518_B04_BEN_57_55_17_1m_utm.tif,0.00073085236,0.99896204,0.00030708633
336,deploy/44QLL_20210518_B04_BEN_57_56_17_1m_utm.tif,0.0022197706,0.99685365,0.0009265845
337,deploy/44QLL_20210518_B04_BEN_57_57_17_1m_utm.tif,0.0012165728,0.9984825,0.00030095738
338,deploy/44QLL_20210518_B04_BEN_57_58_17_1m_utm.tif,0.0027894697,0.99646324,0.00074724434
339,deploy/44QLL_20210518_B04_BEN_57_8_17_1m_utm.tif,0.0008842974,0.99878746,0.00032825646
340,deploy/44QLL_20210518_B04_BEN_57_9_17_1m_utm.tif,0.00056578504,0.9991173,0.0003169866
341,deploy/44QLL_20210518_B04_BEN_58_13_17_1m_utm.tif,0.00064867514,0.99909544,0.00025596286
342,deploy/44QLL_20210518_B04_BEN_58_14_17_1m_utm.tif,0.0004040002,0.99946827,0.00012777177
343,deploy/44QLL_20210518_B04_BEN_58_19_17_1m_utm.tif,0.0016586749,0.99766386,0.0006773879
344,deploy/44QLL_20210518_B04_BEN_58_24_17_1m_utm.tif,0.0013670836,0.9981173,0.00051555637
345,deploy/44QLL_20210518_B04_BEN_58_2_17_1m_utm.tif,0.0008513989,0.99871767,0.0004309667
346,deploy/44QLL_20210518_B04_BEN_58_35_17_1m_utm.tif,0.001192515,0.998166,0.0006415262
347,deploy/44QLL_20210518_B04_BEN_58_36_17_1m_utm.tif,0.0007690656,0.99898154,0.00024938156
348,deploy/44QLL_20210518_B04_BEN_58_37_17_1m_utm.tif,0.0008437581,0.9989035,0.0002527422
349,deploy/44QLL_20210518_B04_BEN_58_38_17_1m_utm.tif,0.00297927,0.9960128,0.0010079871
350,deploy/44QLL_20210518_B04_BEN_58_39_17_1m_utm.tif,0.0026711698,0.99586946,0.0014593519
351,deploy/44QLL_20210518_B04_BEN_58_3_17_1m_utm.tif,0.0015678561,0.99779356,0.0006386085
352,deploy/44QLL_20210518_B04_BEN_58_52_17_1m_utm.tif,0.0027370923,0.9962864,0.0009764779
353,deploy/44QLL_20210518_B04_BEN_58_53_17_1m_utm.tif,0.0024789774,0.9967084,0.0008125898
354,deploy/44QLL_20210518_B04_BEN_58_54_17_1m_utm.tif,0.0022469822,0.9969797,0.0007732982
355,deploy/44QLL_20210518_B04_BEN_58_55_17_1m_utm.tif,0.0039235065,0.99459213,0.0014843289
356,deploy/44QLL_20210518_B04_BEN_58_56_17_1m_utm.tif,0.0071242913,0.98951375,0.003361931
357,deploy/44QLL_20210518_B04_BEN_58_57_17_1m_utm.tif,0.0024040684,0.9968683,0.00072759524
358,deploy/44QLL_20210518_B04_BEN_58_6_17_1m_utm.tif,0.00028787236,0.99957174,0.00014040165
359,deploy/44QLL_20210518_B04_BEN_58_7_17_1m_utm.tif,0.00019643072,0.99967706,0.0001265606
360,deploy/44QLL_20210518_B04_BEN_58_9_17_1m_utm.tif,0.0012021775,0.99828124,0.00051663246
361,deploy/44QLL_20210518_B04_BEN_59_0_17_1m_utm.tif,0.00019315373,0.9996593,0.00014753941
362,deploy/44QLL_20210518_B04_BEN_59_15_17_1m_utm.tif,0.0004095124,0.9993979,0.00019267865
363,deploy/44QLL_20210518_B04_BEN_59_18_17_1m_utm.tif,0.00057392137,0.9990395,0.0003865732
364,deploy/44QLL_20210518_B04_BEN_59_19_17_1m_utm.tif,0.00080033427,0.99873775,0.00046189793
365,deploy/44QLL_20210518_B04_BEN_59_22_17_1m_utm.tif,0.00053755764,0.9992224,0.00024004043
366,deploy/44QLL_20210518_B04_BEN_59_3_17_1m_utm.tif,0.00039895484,0.99930143,0.00029961191
367,deploy/44QLL_20210518_B04_BEN_59_4_17_1m_utm.tif,0.00020344827,0.9996171,0.00017949111
368,deploy/44QLL_20210518_B04_BEN_59_53_17_1m_utm.tif,0.0026304543,0.9965321,0.00083741045
369,deploy/44QLL_20210518_B04_BEN_59_54_17_1m_utm.tif,0.0057804887,0.9913618,0.0028576879
370,deploy/44QLL_20210518_B04_BEN_59_55_17_1m_utm.tif,0.0015571208,0.9979607,0.00048220681
371,deploy/44QLL_20210518_B04_BEN_59_56_17_1m_utm.tif,0.003422678,0.9956383,0.00093906047
372,deploy/44QLL_20210518_B04_BEN_59_57_17_1m_utm.tif,0.0019002146,0.9973695,0.00073026994
373,deploy/44QLL_20210518_B04_BEN_60_0_17_1m_utm.tif,0.00016944033,0.99969816,0.00013236284
374,deploy/44QLL_20210518_B04_BEN_60_12_17_1m_utm.tif,0.0025359334,0.9966191,0.0008449823
375,deploy/44QLL_20210518_B04_BEN_60_18_17_1m_utm.tif,0.000494879,0.9992623,0.00024284028
376,deploy/44QLL_20210518_B04_BEN_60_24_17_1m_utm.tif,0.00034777587,0.9994702,0.00018204939
377,deploy/44QLL_20210518_B04_BEN_60_25_17_1m_utm.tif,0.0006149851,0.9991153,0.00026974978
378,deploy/44QLL_20210518_B04_BEN_60_29_17_1m_utm.tif,0.0008923877,0.99861324,0.00049436896
379,deploy/44QLL_20210518_B04_BEN_60_2_17_1m_utm.tif,0.00039537935,0.999303,0.00030163472
380,deploy/44QLL_20210518_B04_BEN_60_31_17_1m_utm.tif,0.0021308262,0.99679,0.0010791352
381,deploy/44QLL_20210518_B04_BEN_60_32_17_1m_utm.tif,0.0016907268,0.9976446,0.0006647035
382,deploy/44QLL_20210518_B04_BEN_60_45_17_1m_utm.tif,0.002553416,0.99643046,0.0010161486
383,deploy/44QLL_20210518_B04_BEN_60_55_17_1m_utm.tif,0.0024337342,0.996878,0.0006882319
384,deploy/44QLL_20210518_B04_BEN_60_56_17_1m_utm.tif,0.0043109935,0.9943082,0.0013809163
385,deploy/44QLL_20210518_B04_BEN_60_5_17_1m_utm.tif,0.00026068525,0.99951994,0.00021934406
386,deploy/44QLL_20210518_B04_BEN_60_6_17_1m_utm.tif,0.0009327978,0.99832004,0.0007471176
387,deploy/44QLL_20210518_B04_BEN_60_8_17_1m_utm.tif,0.0005609819,0.99920577,0.0002331924
388,deploy/44QLL_20210518_B04_BEN_61_11_17_1m_utm.tif,0.00074266584,0.9989818,0.0002756063
389,deploy/44QLL_20210518_B04_BEN_61_15_17_1m_utm.tif,0.003007415,0.9958075,0.0011850598
390,deploy/44QLL_20210518_B04_BEN_61_29_17_1m_utm.tif,0.000817522,0.998645,0.00053752196
391,deploy/44QLL_20210518_B04_BEN_61_2_17_1m_utm.tif,0.00030691308,0.9995103,0.00018275602
392,deploy/44QLL_20210518_B04_BEN_61_38_17_1m_utm.tif,0.0010774032,0.9983342,0.0005884201
393,deploy/44QLL_20210518_B04_BEN_61_55_17_1m_utm.tif,0.0042215814,0.9940923,0.0016861212
394,deploy/44QLL_20210518_B04_BEN_61_5_17_1m_utm.tif,0.00038919214,0.9994086,0.00020219995
395,deploy/44QLL_20210518_B04_BEN_62_25_17_1m_utm.tif,0.00048233234,0.9993001,0.0002175411
396,deploy/44QLL_20210518_B04_BEN_62_26_17_1m_utm.tif,0.0008626785,0.9988011,0.00033629293
397,deploy/44QLL_20210518_B04_BEN_62_27_17_1m_utm.tif,0.0013250032,0.9982796,0.00039539803
398,deploy/44QLL_20210518_B04_BEN_62_28_17_1m_utm.tif,0.0016580077,0.99740005,0.00094197755
399,deploy/44QLL_20210518_B04_BEN_62_35_17_1m_utm.tif,0.0018717428,0.99706167,0.0010665763
400,deploy/44QLL_20210518_B04_BEN_62_40_17_1m_utm.tif,0.0024273552,0.99667645,0.0008962306
401,deploy/44QLL_20210518_B04_BEN_62_54_17_1m_utm.tif,0.0015250167,0.9976441,0.0008308663
402,deploy/44QLL_20210518_B04_BEN_62_55_17_1m_utm.tif,0.0028644009,0.995884,0.00125158
403,deploy/44QLL_20210518_B04_BEN_62_5_17_1m_utm.tif,0.0006410205,0.99897647,0.00038249546
404,deploy/44QLL_20210518_B04_BEN_63_10_17_1m_utm.tif,0.00088701706,0.998574,0.00053897104
405,deploy/44QLL_20210518_B04_BEN_63_18_17_1m_utm.tif,0.0014582409,0.9976993,0.0008424219
406,deploy/44QLL_20210518_B04_BEN_63_25_17_1m_utm.tif,0.00043517613,0.9993705,0.00019434793
407,deploy/44QLL_20210518_B04_BEN_63_27_17_1m_utm.tif,0.0011401239,0.9984012,0.00045872608
408,deploy/44QLL_20210518_B04_BEN_63_46_17_1m_utm.tif,0.004399608,0.9938554,0.0017449134
409,deploy/44QLL_20210518_B04_BEN_63_48_17_1m_utm.tif,0.0049363105,0.9912732,0.0037905045
410,deploy/44QLL_20210518_B04_BEN_63_52_17_1m_utm.tif,0.0044666575,0.9939614,0.0015718356
411,deploy/44QLL_20210518_B04_BEN_63_55_17_1m_utm.tif,0.0041706692,0.9945194,0.0013099611
412,deploy/44QLL_20210518_B04_BEN_64_13_17_1m_utm.tif,0.0031368106,0.9960653,0.0007979054
413,deploy/44QLL_20210518_B04_BEN_64_1_17_1m_utm.tif,0.001009981,0.9985044,0.000485593
414,deploy/44QLL_20210518_B04_BEN_64_20_17_1m_utm.tif,0.0013952847,0.9980318,0.00057287305
415,deploy/44QLL_20210518_B04_BEN_64_52_17_1m_utm.tif,0.0020514592,0.9970673,0.0008811847
416,deploy/44QLL_20210518_B04_BEN_64_55_17_1m_utm.tif,0.0033160958,0.99566215,0.0010217533
417,deploy/44QLL_20210518_B04_BEN_65_15_17_1m_utm.tif,0.0006063054,0.9991449,0.00024881036
418,deploy/44QLL_20210518_B04_BEN_65_25_17_1m_utm.tif,0.00044071182,0.9993656,0.00019366758
419,deploy/44QLL_20210518_B04_BEN_65_54_17_1m_utm.tif,0.0011464464,0.9983234,0.00053021486
420,deploy/44QLL_20210518_B04_BEN_65_55_17_1m_utm.tif,0.0016003398,0.99786204,0.00053764274
421,deploy/44QLL_20210518_B04_BEN_66_0_17_1m_utm.tif,0.0016085411,0.99742055,0.00097092823
422,deploy/44QLL_20210518_B04_BEN_66_13_17_1m_utm.tif,0.0012559742,0.9984249,0.0003192547
423,deploy/44QLL_20210518_B04_BEN_66_19_17_1m_utm.tif,0.0010811278,0.99827385,0.000644969
424,deploy/44QLL_20210518_B04_BEN_66_52_17_1m_utm.tif,0.0032913869,0.9956599,0.0010486924
425,deploy/44QLL_20210518_B04_BEN_66_53_17_1m_utm.tif,0.004107144,0.99482524,0.00106763
426,deploy/44QLL_20210518_B04_BEN_66_54_17_1m_utm.tif,0.0040859035,0.99404424,0.0018699637
427,deploy/44QLL_20210518_B04_BEN_66_55_17_1m_utm.tif,0.0060971514,0.99236465,0.0015382236
428,deploy/44QLL_20210518_B04_BEN_66_56_17_1m_utm.tif,0.0039487095,0.99456465,0.0014866396
429,deploy/44QLL_20210518_B04_BEN_66_57_17_1m_utm.tif,0.0034637277,0.99537885,0.0011573556
430,deploy/44QLL_20210518_B04_BEN_67_14_17_1m_utm.tif,0.0009556308,0.9986142,0.00043007833
431,deploy/44QLL_20210518_B04_BEN_67_15_17_1m_utm.tif,0.0018565995,0.9971192,0.0010243093
432,deploy/44QLL_20210518_B04_BEN_67_16_17_1m_utm.tif,0.00046234185,0.9993144,0.00022324537
433,deploy/44QLL_20210518_B04_BEN_67_21_17_1m_utm.tif,0.00084192835,0.9987117,0.00044632764
434,deploy/44QLL_20210518_B04_BEN_67_52_17_1m_utm.tif,0.0014918266,0.9979025,0.0006056537
435,deploy/44QLL_20210518_B04_BEN_67_53_17_1m_utm.tif,0.0017465397,0.9974711,0.0007823593
436,deploy/44QLL_20210518_B04_BEN_67_54_17_1m_utm.tif,0.0023930878,0.99667513,0.0009316743
437,deploy/44QLL_20210518_B04_BEN_67_55_17_1m_utm.tif,0.0032597256,0.9954614,0.0012788919
438,deploy/44QLL_20210518_B04_BEN_67_56_17_1m_utm.tif,0.0024062337,0.9967933,0.0008004109
439,deploy/44QLL_20210518_B04_BEN_67_57_17_1m_utm.tif,0.0020770072,0.9975332,0.00038984074
440,deploy/44QLL_20210518_B04_BEN_67_58_17_1m_utm.tif,0.0052256198,0.9934455,0.0013288344
441,deploy/44QLL_20210518_B04_BEN_68_14_17_1m_utm.tif,0.0012687771,0.99807334,0.0006578692
442,deploy/44QLL_20210518_B04_BEN_68_26_17_1m_utm.tif,0.0015530754,0.9976164,0.0008305256
443,deploy/44QLL_20210518_B04_BEN_68_4_17_1m_utm.tif,0.0010581982,0.9985343,0.00040751055
444,deploy/44QLL_20210518_B04_BEN_68_53_17_1m_utm.tif,0.0015044681,0.9979668,0.0005286962
445,deploy/44QLL_20210518_B04_BEN_68_57_17_1m_utm.tif,0.00546043,0.9929461,0.0015935253
446,deploy/44QLL_20210518_B04_BEN_68_58_17_1m_utm.tif,0.0021475789,0.9971738,0.00067868945
447,deploy/44QLL_20210518_B04_BEN_69_15_17_1m_utm.tif,0.0009925058,0.99852127,0.00048630076
448,deploy/44QLL_20210518_B04_BEN_69_16_17_1m_utm.tif,0.0016103121,0.9975274,0.0008623055
449,deploy/44QLL_20210518_B04_BEN_69_18_17_1m_utm.tif,0.0014198227,0.99770147,0.0008786754
450,deploy/44QLL_20210518_B04_BEN_69_24_17_1m_utm.tif,0.0028405087,0.99566,0.0014994503
451,deploy/44QLL_20210518_B04_BEN_69_25_17_1m_utm.tif,0.0030206088,0.99579865,0.0011806684
452,deploy/44QLL_20210518_B04_BEN_69_52_17_1m_utm.tif,0.00083376735,0.9987987,0.00036738615
453,deploy/44QLL_20210518_B04_BEN_69_53_17_1m_utm.tif,0.001983664,0.9972915,0.0007248613
454,deploy/44QLL_20210518_B04_BEN_70_10_17_1m_utm.tif,0.0009940931,0.9985033,0.00050250266
455,deploy/44QLL_20210518_B04_BEN_70_11_17_1m_utm.tif,0.0016394468,0.99768,0.00068050885
456,deploy/44QLL_20210518_B04_BEN_70_12_17_1m_utm.tif,0.0014442762,0.9979601,0.0005956748
457,deploy/44QLL_20210518_B04_BEN_70_13_17_1m_utm.tif,0.001390553,0.9981236,0.00048581997
458,deploy/44QLL_20210518_B04_BEN_70_14_17_1m_utm.tif,0.0011375565,0.9983608,0.0005016524
459,deploy/44QLL_20210518_B04_BEN_70_18_17_1m_utm.tif,0.00082149886,0.99865353,0.0005249103
460,deploy/44QLL_20210518_B04_BEN_70_55_17_1m_utm.tif,0.0019808658,0.9974341,0.00058511883
461,deploy/44QLL_20210518_B04_BEN_70_57_17_1m_utm.tif,0.00545626,0.9922356,0.0023080378
462,deploy/44QLL_20210518_B04_BEN_70_6_17_1m_utm.tif,0.00062520104,0.99902606,0.0003486667
463,deploy/44QLL_20210518_B04_BEN_71_13_17_1m_utm.tif,0.0020764444,0.9970498,0.0008737543
464,deploy/44QLL_20210518_B04_BEN_71_53_17_1m_utm.tif,0.0024545179,0.99654824,0.0009973263
465,deploy/44QLL_20210518_B04_BEN_71_54_17_1m_utm.tif,0.0017253908,0.9974765,0.0007981299
466,deploy/44QLL_20210518_B04_BEN_71_55_17_1m_utm.tif,0.0014399068,0.998018,0.00054198486
467,deploy/44QLL_20210518_B04_BEN_71_57_17_1m_utm.tif,0.0036677672,0.99495995,0.0013722657
468,deploy/44QLL_20210518_B04_BEN_72_18_17_1m_utm.tif,0.0014481838,0.9978908,0.0006610929
469,deploy/44QLL_20210518_B04_BEN_72_52_17_1m_utm.tif,0.0025119218,0.9967186,0.00076947163
470,deploy/44QLL_20210518_B04_BEN_72_57_17_1m_utm.tif,0.0022778003,0.9970989,0.000623341
471,deploy/44QLL_20210518_B04_BEN_72_8_17_1m_utm.tif,0.0008770095,0.9985097,0.00061321456
472,deploy/44QLL_20210518_B04_BEN_73_13_17_1m_utm.tif,0.0006403599,0.99910694,0.00025267244
473,deploy/44QLL_20210518_B04_BEN_73_14_17_1m_utm.tif,0.0005909038,0.9991617,0.00024733567
474,deploy/44QLL_20210518_B04_BEN_73_15_17_1m_utm.tif,0.0026739936,0.99605983,0.0012661088
475,deploy/44QLL_20210518_B04_BEN_73_16_17_1m_utm.tif,0.0005487633,0.99908316,0.00036804017
476,deploy/44QLL_20210518_B04_BEN_73_20_17_1m_utm.tif,0.0020799502,0.9966049,0.0013151509
477,deploy/44QLL_20210518_B04_BEN_73_22_17_1m_utm.tif,0.0014121068,0.99808794,0.0004999452
478,deploy/44QLL_20210518_B04_BEN_73_3_17_1m_utm.tif,0.00017363524,0.99968755,0.00013879988
479,deploy/44QLL_20210518_B04_BEN_73_52_17_1m_utm.tif,0.0061522136,0.9919408,0.0019070143
480,deploy/44QLL_20210518_B04_BEN_73_53_17_1m_utm.tif,0.0024513628,0.99690455,0.0006441709
481,deploy/44QLL_20210518_B04_BEN_73_54_17_1m_utm.tif,0.0008242495,0.9987913,0.00038443846
482,deploy/44QLL_20210518_B04_BEN_73_55_17_1m_utm.tif,0.0011229209,0.9984371,0.00043998504
483,deploy/44QLL_20210518_B04_BEN_73_57_17_1m_utm.tif,0.0014978222,0.9978224,0.000679799
484,deploy/44QLL_20210518_B04_BEN_73_58_17_1m_utm.tif,0.002574462,0.99665403,0.0007714537
485,deploy/44QLL_20210518_B04_BEN_73_8_17_1m_utm.tif,0.002443248,0.996473,0.0010837598
486,deploy/44QLL_20210518_B04_BEN_74_15_17_1m_utm.tif,0.0022332359,0.9965828,0.0011840012
487,deploy/44QLL_20210518_B04_BEN_74_19_17_1m_utm.tif,0.0019674662,0.9972826,0.00074996543
488,deploy/44QLL_20210518_B04_BEN_74_2_17_1m_utm.tif,0.0011626651,0.9984244,0.00041284083
489,deploy/44QLL_20210518_B04_BEN_74_52_17_1m_utm.tif,0.002860505,0.99648714,0.00065236614
490,deploy/44QLL_20210518_B04_BEN_74_56_17_1m_utm.tif,0.0047119437,0.993731,0.0015571102
491,deploy/44QLL_20210518_B04_BEN_74_58_17_1m_utm.tif,0.0035155106,0.9949975,0.0014868823
492,deploy/44QLL_20210518_B04_BEN_74_59_17_1m_utm.tif,0.004548441,0.9944383,0.0010133146
493,deploy/44QLL_20210518_B04_BEN_74_8_17_1m_utm.tif,0.0033840172,0.9943017,0.0023142768
494,deploy/44QLL_20210518_B04_BEN_75_10_17_1m_utm.tif,0.0022438338,0.9968934,0.00086277176
495,deploy/44QLL_20210518_B04_BEN_75_18_17_1m_utm.tif,0.0011497448,0.99801636,0.0008338583
496,deploy/44QLL_20210518_B04_BEN_75_51_17_1m_utm.tif,0.0017661238,0.99768066,0.000553104
497,deploy/44QLL_20210518_B04_BEN_75_52_17_1m_utm.tif,0.0025965546,0.9968027,0.00060084567
498,deploy/44QLL_20210518_B04_BEN_75_53_17_1m_utm.tif,0.0031312206,0.9962489,0.000619925
499,deploy/44QLL_20210518_B04_BEN_75_54_17_1m_utm.tif,0.0022772404,0.99620616,0.001516554
500,deploy/44QLL_20210518_B04_BEN_75_56_17_1m_utm.tif,0.0022090126,0.996912,0.00087898714
501,deploy/44QLL_20210518_B04_BEN_75_57_17_1m_utm.tif,0.0034038958,0.9951698,0.0014262648
502,deploy/44QLL_20210518_B04_BEN_76_10_17_1m_utm.tif,0.0014308342,0.997965,0.0006041956
503,deploy/44QLL_20210518_B04_BEN_76_19_17_1m_utm.tif,0.0023072325,0.996342,0.0013507472
504,deploy/44QLL_20210518_B04_BEN_76_20_17_1m_utm.tif,0.0014239536,0.997834,0.00074205315
505,deploy/44QLL_20210518_B04_BEN_76_3_17_1m_utm.tif,0.00080230687,0.99864763,0.0005501699
506,deploy/44QLL_20210518_B04_BEN_76_4_17_1m_utm.tif,0.0008352452,0.9988734,0.00029135382
507,deploy/44QLL_20210518_B04_BEN_76_51_17_1m_utm.tif,0.006506967,0.9915801,0.0019129262
508,deploy/44QLL_20210518_B04_BEN_76_52_17_1m_utm.tif,0.0027084455,0.99645233,0.0008391781
509,deploy/44QLL_20210518_B04_BEN_76_53_17_1m_utm.tif,0.0021276134,0.99708647,0.00078593736
510,deploy/44QLL_20210518_B04_BEN_76_56_17_1m_utm.tif,0.0017148757,0.9977806,0.0005045814
511,deploy/44QLL_20210518_B04_BEN_78_10_17_1m_utm.tif,0.0014162124,0.9976884,0.000895303
512,deploy/44QLL_20210518_B04_BEN_78_11_17_1m_utm.tif,0.002001067,0.9972052,0.0007936942
513,deploy/44QLL_20210518_B04_BEN_78_51_17_1m_utm.tif,0.0019602145,0.99742824,0.0006114896
514,deploy/44QLL_20210518_B04_BEN_78_57_17_1m_utm.tif,0.002603691,0.99676466,0.0006316702
515,deploy/44QLL_20210518_B04_BEN_78_8_17_1m_utm.tif,0.003682071,0.9945964,0.0017215471
516,deploy/44QLL_20210518_B04_BEN_7_10_17_1m_utm.tif,0.0002896211,0.9995989,0.00011153223
517,deploy/44QLL_20210518_B04_BEN_7_41_17_1m_utm.tif,0.0024405299,0.9966007,0.0009589133
518,deploy/44QLL_20210518_B04_BEN_7_9_17_1m_utm.tif,0.00024033459,0.99965715,0.00010251655
519,deploy/44QLL_20210518_B04_BEN_8_41_17_1m_utm.tif,0.00339156,0.9952923,0.001316157
520,deploy/44QLL_20210518_B04_BEN_9_8_17_1m_utm.tif,0.00068283104,0.99898165,0.0003355102
521,deploy/44QMG_20210413_B04_BEN_45_41_17_1m_utm.tif,0.004471325,0.99411786,0.001410848
522,deploy/44QMG_20210413_B04_BEN_45_44_17_1m_utm.tif,0.0032024065,0.99573463,0.0010629082
523,deploy/44QMG_20210413_B04_BEN_55_25_17_1m_utm.tif,0.003731663,0.9948996,0.001368807
524,deploy/44QMG_20210413_B04_BEN_56_24_17_1m_utm.tif,0.00673203,0.99089384,0.002374117
525,deploy/44QMG_20210413_B04_BEN_76_17_17_1m_utm.tif,0.0022826241,0.9970074,0.0007099099
526,deploy/44QMH_20210403_B04_BEN_73_74_17_1m_utm.tif,0.001956019,0.9966897,0.0013542554
527,deploy/44QMH_20210403_B04_BEN_75_73_17_1m_utm.tif,0.0019409221,0.9966607,0.0013983872
528,deploy/44QMH_20210403_B04_BEN_76_73_17_1m_utm.tif,0.0024956702,0.9952306,0.002273579
529,deploy/44QMJ_20210403_B04_BEN_25_44_17_1m_utm.tif,0.00090062636,0.9988054,0.0002939958
530,deploy/44QMK_20210403_B04_BEN_48_49_17_1m_utm.tif,0.17367099,0.7965599,0.029769087
531,deploy/44QNG_20210405_B04_BEN_47_37_17_1m_utm.tif,0.0036045916,0.99439067,0.002004711
532,deploy/44QNG_20210405_B04_BEN_62_19_17_1m_utm.tif,0.0057660174,0.9901265,0.004107513
533,deploy/44QNH_20210515_B04_BEN_0_45_17_1m_utm.tif,0.0064537125,0.9909552,0.0025910807
534,deploy/44QNH_20210515_B04_BEN_0_73_17_1m_utm.tif,0.01986706,0.9754651,0.0046678158
535,deploy/44QNH_20210515_B04_BEN_0_74_17_1m_utm.tif,0.00037982888,0.99945265,0.0001674825
536,deploy/44QNH_20210515_B04_BEN_0_75_17_1m_utm.tif,0.004132157,0.9952656,0.00060222956
537,deploy/44QNH_20210515_B04_BEN_0_76_17_1m_utm.tif,0.001388149,0.9985051,0.000106780426
538,deploy/44QNH_20210515_B04_BEN_0_78_17_1m_utm.tif,0.0011975686,0.9986104,0.00019195922
539,deploy/44QNH_20210515_B04_BEN_0_9_17_1m_utm.tif,0.0007745725,0.99737144,0.001853953
540,deploy/44QNH_20210515_B04_BEN_10_16_17_1m_utm.tif,0.0013600584,0.99851125,0.00012869955
541,deploy/44QNH_20210515_B04_BEN_10_3_17_1m_utm.tif,0.0040437565,0.9847179,0.011238337
542,deploy/44QNH_20210515_B04_BEN_10_4_17_1m_utm.tif,0.00094319554,0.9972801,0.0017766684
543,deploy/44QNH_20210515_B04_BEN_10_59_17_1m_utm.tif,0.0006163143,0.9991961,0.00018762014
544,deploy/44QNH_20210515_B04_BEN_10_60_17_1m_utm.tif,0.0009284102,0.9987531,0.00031852224
545,deploy/44QNH_20210515_B04_BEN_10_8_17_1m_utm.tif,0.0017019049,0.99460816,0.003689915
546,deploy/44QNH_20210515_B04_BEN_11_3_17_1m_utm.tif,0.0042355303,0.9921319,0.003632582
547,deploy/44QNH_20210515_B04_BEN_11_57_17_1m_utm.tif,0.0016098319,0.99800867,0.0003815146
548,deploy/44QNH_20210515_B04_BEN_11_58_17_1m_utm.tif,0.0005220187,0.9992843,0.00019365441
549,deploy/44QNH_20210515_B04_BEN_11_7_17_1m_utm.tif,0.0048670643,0.98881406,0.0063189045
550,deploy/44QNH_20210515_B04_BEN_11_8_17_1m_utm.tif,0.0004670276,0.99925977,0.0002731992
551,deploy/44QNH_20210515_B04_BEN_11_9_17_1m_utm.tif,0.000978734,0.99815506,0.00086625613
552,deploy/44QNH_20210515_B04_BEN_12_4_17_1m_utm.tif,0.0025090063,0.9919117,0.005579264
553,deploy/44QNH_20210515_B04_BEN_12_56_17_1m_utm.tif,0.0028372111,0.9965539,0.0006088379
554,deploy/44QNH_20210515_B04_BEN_12_60_17_1m_utm.tif,0.0004323601,0.9994331,0.00013448468
555,deploy/44QNH_20210515_B04_BEN_13_10_17_1m_utm.tif,0.0016267464,0.9966323,0.0017409818
556,deploy/44QNH_20210515_B04_BEN_13_2_17_1m_utm.tif,0.0011964114,0.99762505,0.001178614
557,deploy/44QNH_20210515_B04_BEN_13_56_17_1m_utm.tif,0.0017117071,0.99784935,0.00043893227
558,deploy/44QNH_20210515_B04_BEN_13_57_17_1m_utm.tif,0.0020590527,0.99734324,0.00059762225
559,deploy/44QNH_20210515_B04_BEN_13_61_17_1m_utm.tif,0.0002777323,0.99962664,9.562785e-05
560,deploy/44QNH_20210515_B04_BEN_13_6_17_1m_utm.tif,0.0012774788,0.99725795,0.0014645376
561,deploy/44QNH_20210515_B04_BEN_14_2_17_1m_utm.tif,0.00859442,0.982037,0.009368615
562,deploy/44QNH_20210515_B04_BEN_14_56_17_1m_utm.tif,0.0019036328,0.99752265,0.0005737117
563,deploy/44QNH_20210515_B04_BEN_14_57_17_1m_utm.tif,0.001427871,0.99813557,0.0004365139
564,deploy/44QNH_20210515_B04_BEN_14_58_17_1m_utm.tif,0.0004588528,0.9993754,0.00016576934
565,deploy/44QNH_20210515_B04_BEN_14_59_17_1m_utm.tif,0.000613129,0.999231,0.00015591258
566,deploy/44QNH_20210515_B04_BEN_15_56_17_1m_utm.tif,0.0019673735,0.9974183,0.0006143301
567,deploy/44QNH_20210515_B04_BEN_15_59_17_1m_utm.tif,0.00038193457,0.99950564,0.000112517475
568,deploy/44QNH_20210515_B04_BEN_15_62_17_1m_utm.tif,0.0005270916,0.99930835,0.00016452633
569,deploy/44QNH_20210515_B04_BEN_15_63_17_1m_utm.tif,0.00066048926,0.9991365,0.00020309522
570,deploy/44QNH_20210515_B04_BEN_15_70_17_1m_utm.tif,0.00031496744,0.9995561,0.00012892789
571,deploy/44QNH_20210515_B04_BEN_15_75_17_1m_utm.tif,0.0027888492,0.995619,0.0015921124
572,deploy/44QNH_20210515_B04_BEN_15_76_17_1m_utm.tif,0.030537732,0.94176924,0.027693087
573,deploy/44QNH_20210515_B04_BEN_15_78_17_1m_utm.tif,0.003535488,0.9956191,0.00084545894
574,deploy/44QNH_20210515_B04_BEN_16_52_17_1m_utm.tif,0.0016601123,0.9978321,0.0005077919
575,deploy/44QNH_20210515_B04_BEN_16_53_17_1m_utm.tif,0.003471703,0.99570364,0.00082469493
576,deploy/44QNH_20210515_B04_BEN_16_55_17_1m_utm.tif,0.0035435075,0.99548125,0.0009752242
577,deploy/44QNH_20210515_B04_BEN_16_59_17_1m_utm.tif,0.0003398195,0.99956125,9.888622e-05
578,deploy/44QNH_20210515_B04_BEN_16_65_17_1m_utm.tif,0.00059278426,0.99923563,0.00017162344
579,deploy/44QNH_20210515_B04_BEN_16_67_17_1m_utm.tif,0.0004807698,0.99939215,0.00012715474
580,deploy/44QNH_20210515_B04_BEN_16_70_17_1m_utm.tif,0.00054670597,0.9992669,0.00018643176
581,deploy/44QNH_20210515_B04_BEN_16_74_17_1m_utm.tif,0.0012465853,0.9983736,0.00037976453
582,deploy/44QNH_20210515_B04_BEN_17_4_17_1m_utm.tif,0.0011087848,0.99775606,0.0011352174
583,deploy/44QNH_20210515_B04_BEN_17_54_17_1m_utm.tif,0.002956023,0.99658716,0.00045682158
584,deploy/44QNH_20210515_B04_BEN_17_57_17_1m_utm.tif,0.0008393916,0.99894875,0.00021179793
585,deploy/44QNH_20210515_B04_BEN_17_65_17_1m_utm.tif,0.00059519475,0.9991844,0.00022030798
586,deploy/44QNH_20210515_B04_BEN_17_67_17_1m_utm.tif,0.0004649129,0.99941874,0.00011636925
587,deploy/44QNH_20210515_B04_BEN_17_76_17_1m_utm.tif,0.00024722455,0.99951327,0.00023951432
588,deploy/44QNH_20210515_B04_BEN_18_58_17_1m_utm.tif,0.00042641588,0.99943477,0.0001387972
589,deploy/44QNH_20210515_B04_BEN_18_59_17_1m_utm.tif,0.00030922625,0.9995993,9.155647e-05
590,deploy/44QNH_20210515_B04_BEN_18_64_17_1m_utm.tif,0.00031956687,0.9995566,0.00012375713
591,deploy/44QNH_20210515_B04_BEN_18_70_17_1m_utm.tif,0.0027416977,0.99595994,0.0012984495
592,deploy/44QNH_20210515_B04_BEN_18_76_17_1m_utm.tif,0.00075800676,0.9987791,0.0004629349
593,deploy/44QNH_20210515_B04_BEN_19_62_17_1m_utm.tif,0.00047411598,0.9993754,0.00015049918
594,deploy/44QNH_20210515_B04_BEN_19_65_17_1m_utm.tif,0.0003887746,0.99947673,0.00013455535
595,deploy/44QNH_20210515_B04_BEN_1_44_17_1m_utm.tif,0.0039866692,0.9952602,0.00075320835
596,deploy/44QNH_20210515_B04_BEN_1_70_17_1m_utm.tif,0.03878727,0.91230756,0.048905205
597,deploy/44QNH_20210515_B04_BEN_1_72_17_1m_utm.tif,0.032248445,0.9454583,0.022293353
598,deploy/44QNH_20210515_B04_BEN_1_73_17_1m_utm.tif,0.04214642,0.9451876,0.012666017
599,deploy/44QNH_20210515_B04_BEN_1_75_17_1m_utm.tif,0.0038918823,0.994467,0.0016410904
600,deploy/44QNH_20210515_B04_BEN_1_76_17_1m_utm.tif,0.0038869842,0.9945102,0.0016029193
601,deploy/44QNH_20210515_B04_BEN_1_78_17_1m_utm.tif,0.0004975844,0.99929357,0.00020887872
602,deploy/44QNH_20210515_B04_BEN_1_7_17_1m_utm.tif,0.0019862854,0.99551105,0.0025026964
603,deploy/44QNH_20210515_B04_BEN_20_64_17_1m_utm.tif,0.00042738003,0.99943024,0.00014235849
604,deploy/44QNH_20210515_B04_BEN_20_65_17_1m_utm.tif,0.00031581888,0.99958736,9.686521e-05
605,deploy/44QNH_20210515_B04_BEN_21_65_17_1m_utm.tif,0.00032000968,0.99956506,0.000114841816
606,deploy/44QNH_20210515_B04_BEN_21_67_17_1m_utm.tif,0.00048892904,0.9993368,0.00017432414
607,deploy/44QNH_20210515_B04_BEN_22_64_17_1m_utm.tif,0.00039013504,0.9994647,0.00014519868
608,deploy/44QNH_20210515_B04_BEN_22_78_17_1m_utm.tif,0.00021213735,0.9996722,0.00011570174
609,deploy/44QNH_20210515_B04_BEN_24_6_17_1m_utm.tif,0.0006938237,0.99834895,0.00095720636
610,deploy/44QNH_20210515_B04_BEN_24_9_17_1m_utm.tif,0.0006813347,0.99807525,0.0012434111
611,deploy/44QNH_20210515_B04_BEN_26_6_17_1m_utm.tif,0.010282294,0.9796942,0.010023493
612,deploy/44QNH_20210515_B04_BEN_2_71_17_1m_utm.tif,0.06037739,0.8507392,0.08888346
613,deploy/44QNH_20210515_B04_BEN_2_72_17_1m_utm.tif,0.0012521615,0.99749327,0.001254594
614,deploy/44QNH_20210515_B04_BEN_2_73_17_1m_utm.tif,0.0026885897,0.9962418,0.0010695398
615,deploy/44QNH_20210515_B04_BEN_2_75_17_1m_utm.tif,0.00038253638,0.9994727,0.00014474428
616,deploy/44QNH_20210515_B04_BEN_30_4_17_1m_utm.tif,0.017780282,0.96759874,0.014620966
617,deploy/44QNH_20210515_B04_BEN_3_62_17_1m_utm.tif,0.0010245421,0.99854976,0.00042571113
618,deploy/44QNH_20210515_B04_BEN_3_75_17_1m_utm.tif,0.0012666463,0.99801105,0.00072233926
619,deploy/44QNH_20210515_B04_BEN_46_0_17_1m_utm.tif,0.0010213009,0.9981351,0.00084356905
620,deploy/44QNH_20210515_B04_BEN_4_4_17_1m_utm.tif,0.000482265,0.9989681,0.0005495624
621,deploy/44QNH_20210515_B04_BEN_4_6_17_1m_utm.tif,0.0019726283,0.99774927,0.00027812825
622,deploy/44QNH_20210515_B04_BEN_4_78_17_1m_utm.tif,0.001085352,0.9984701,0.00044444695
623,deploy/44QNH_20210515_B04_BEN_5_4_17_1m_utm.tif,0.0009848059,0.99823064,0.00078454637
624,deploy/44QNH_20210515_B04_BEN_5_63_17_1m_utm.tif,0.0007389201,0.9990465,0.00021461105
625,deploy/44QNH_20210515_B04_BEN_62_5_17_1m_utm.tif,0.0015011549,0.9972715,0.0012273237
626,deploy/44QNH_20210515_B04_BEN_65_2_17_1m_utm.tif,0.0053347372,0.989714,0.004951225
627,deploy/44QNH_20210515_B04_BEN_6_64_17_1m_utm.tif,0.003563823,0.9953649,0.0010712208
628,deploy/44QNH_20210515_B04_BEN_6_73_17_1m_utm.tif,0.013801887,0.98297566,0.003222458
629,deploy/44QNH_20210515_B04_BEN_6_74_17_1m_utm.tif,0.0037404737,0.99501085,0.0012486094
630,deploy/44QNH_20210515_B04_BEN_74_75_17_1m_utm.tif,0.0009495917,0.9986952,0.00035525262
631,deploy/44QNH_20210515_B04_BEN_7_14_17_1m_utm.tif,0.0023914005,0.9973611,0.0002473719
632,deploy/44QNH_20210515_B04_BEN_7_33_17_1m_utm.tif,0.0052403356,0.9936698,0.0010898791
633,deploy/44QNH_20210515_B04_BEN_7_35_17_1m_utm.tif,0.001605178,0.99794656,0.00044824756
634,deploy/44QNH_20210515_B04_BEN_7_65_17_1m_utm.tif,0.0003326459,0.99953127,0.00013611939
635,deploy/44QNH_20210515_B04_BEN_7_74_17_1m_utm.tif,0.00045367263,0.99940336,0.00014302008
636,deploy/44QNH_20210515_B04_BEN_8_3_17_1m_utm.tif,0.0017159696,0.99553335,0.002750671
637,deploy/44QNH_20210515_B04_BEN_8_4_17_1m_utm.tif,0.0011189162,0.9972345,0.0016466543
638,deploy/44QNH_20210515_B04_BEN_8_5_17_1m_utm.tif,0.0008197553,0.9983317,0.0008484892
639,deploy/44QNH_20210515_B04_BEN_8_6_17_1m_utm.tif,0.0018917525,0.99685365,0.0012546704
640,deploy/44QNH_20210515_B04_BEN_8_72_17_1m_utm.tif,0.0001984295,0.99972266,7.889804e-05
641,deploy/44QNH_20210515_B04_BEN_9_3_17_1m_utm.tif,0.0038624923,0.9907855,0.0053520375
642,deploy/44QNH_20210515_B04_BEN_9_4_17_1m_utm.tif,0.001877011,0.9951572,0.0029657518
643,deploy/44QNH_20210515_B04_BEN_9_61_17_1m_utm.tif,0.0011175871,0.998558,0.00032443527
644,deploy/44QNL_20210413_B04_BEN_13_4_17_1m_utm.tif,0.0049533867,0.9922144,0.0028322611
645,deploy/44QNL_20210413_B04_BEN_22_43_17_1m_utm.tif,0.080984585,0.88159597,0.03741943
646,deploy/44QNL_20210413_B04_BEN_22_44_17_1m_utm.tif,0.056526765,0.8980984,0.04537491
647,deploy/44QNL_20210413_B04_BEN_25_66_17_1m_utm.tif,0.00055505027,0.99895906,0.00048588176
648,deploy/44QNL_20210413_B04_BEN_27_41_17_1m_utm.tif,0.083109565,0.88925713,0.027633218
649,deploy/44QNL_20210413_B04_BEN_27_76_17_1m_utm.tif,0.0029628074,0.994928,0.002109159
650,deploy/44QNL_20210413_B04_BEN_30_60_17_1m_utm.tif,0.0017990255,0.99759465,0.0006062526
651,deploy/44QNL_20210413_B04_BEN_34_56_17_1m_utm.tif,0.04065248,0.94910836,0.010239135
652,deploy/44QNL_20210413_B04_BEN_34_57_17_1m_utm.tif,0.018131154,0.9726404,0.009228511
653,deploy/44QPG_20210430_B04_BEN_13_50_17_1m_utm.tif,0.01003935,0.9844801,0.005480585
654,deploy/44QPG_20210430_B04_BEN_22_68_17_1m_utm.tif,0.0028807663,0.9962373,0.0008818743
655,deploy/44QPG_20210430_B04_BEN_46_66_17_1m_utm.tif,0.007745554,0.99201304,0.00024131412
656,deploy/44QPG_20210430_B04_BEN_50_67_17_1m_utm.tif,0.004477996,0.99533576,0.00018631744
657,deploy/44QPJ_20210405_B04_BEN_1_8_17_1m_utm.tif,0.16030239,0.719078,0.1206196
658,deploy/44QPJ_20210405_B04_BEN_24_56_17_1m_utm.tif,0.003386479,0.99449664,0.0021168422
659,deploy/44QPJ_20210405_B04_BEN_27_6_17_1m_utm.tif,0.0023543944,0.99595416,0.00169152
660,deploy/44QPJ_20210405_B04_BEN_46_11_17_1m_utm.tif,0.015736643,0.9800151,0.0042482535
661,deploy/44QPJ_20210405_B04_BEN_4_0_17_1m_utm.tif,0.041578617,0.9432217,0.015199774
662,deploy/44QPJ_20210405_B04_BEN_4_25_17_1m_utm.tif,0.00097079756,0.998713,0.0003161912
663,deploy/44QPJ_20210405_B04_BEN_7_5_17_1m_utm.tif,0.05064526,0.91140735,0.03794739
664,deploy/44QPJ_20210405_B04_BEN_8_6_17_1m_utm.tif,0.0036083101,0.99511224,0.001279557
665,deploy/44QPK_20210420_B04_BEN_14_52_17_1m_utm.tif,0.22211692,0.7375827,0.040300373
666,deploy/44QPK_20210420_B04_BEN_15_56_17_1m_utm.tif,0.49177548,0.44346538,0.0647591
667,deploy/44QPK_20210420_B04_BEN_16_42_17_1m_utm.tif,0.61997527,0.24856733,0.13145736
668,deploy/44QPK_20210420_B04_BEN_19_42_17_1m_utm.tif,0.0011692103,0.9978241,0.0010067603
669,deploy/44QPK_20210420_B04_BEN_20_42_17_1m_utm.tif,0.03907488,0.92984533,0.03107981
670,deploy/44QPK_20210420_B04_BEN_20_43_17_1m_utm.tif,0.05486434,0.92151153,0.023624137
671,deploy/44QPK_20210420_B04_BEN_20_44_17_1m_utm.tif,0.08022634,0.8808329,0.03894076
672,deploy/44QPK_20210420_B04_BEN_22_54_17_1m_utm.tif,0.00082340016,0.998514,0.0006626935
673,deploy/44QPK_20210420_B04_BEN_27_55_17_1m_utm.tif,0.35611007,0.5569872,0.08690272
674,deploy/44QPK_20210420_B04_BEN_41_46_17_1m_utm.tif,0.38651252,0.5658737,0.047613773
675,deploy/44QPK_20210420_B04_BEN_43_11_17_1m_utm.tif,0.31606686,0.61716825,0.06676493
676,deploy/44QPK_20210420_B04_BEN_43_58_17_1m_utm.tif,0.00336491,0.9938174,0.0028176152
677,deploy/44QPK_20210420_B04_BEN_44_12_17_1m_utm.tif,0.20196982,0.7783032,0.019727036
678,deploy/44QPK_20210420_B04_BEN_48_51_17_1m_utm.tif,0.11037282,0.8679847,0.021642525
679,deploy/44QPK_20210420_B04_BEN_70_50_17_1m_utm.tif,0.0054447907,0.990182,0.004373175
680,deploy/44QPK_20210420_B04_BEN_76_10_17_1m_utm.tif,0.114208475,0.85384077,0.031950716
681,deploy/44QPK_20210420_B04_BEN_8_49_17_1m_utm.tif,0.16862151,0.6243684,0.20701008
682,deploy/44QPL_20210405_B04_BEN_30_67_17_1m_utm.tif,0.003790439,0.99389714,0.0023124483
683,deploy/44QPL_20210405_B04_BEN_38_25_17_1m_utm.tif,0.0011008164,0.99825686,0.0006423235
684,deploy/44QPL_20210405_B04_BEN_3_78_17_1m_utm.tif,0.0016590225,0.9972465,0.0010945571
685,deploy/44QPL_20210405_B04_BEN_51_41_17_1m_utm.tif,0.28674164,0.62742066,0.085837685
686,deploy/44QPL_20210405_B04_BEN_52_60_17_1m_utm.tif,0.0009276241,0.9984862,0.00058616325
687,deploy/44QPL_20210405_B04_BEN_57_42_17_1m_utm.tif,0.000510117,0.9993813,0.000108498556
688,deploy/44QPL_20210405_B04_BEN_8_75_17_1m_utm.tif,0.0011109931,0.9971409,0.0017481408
689,deploy/44QQJ_20210420_B04_BEN_0_19_17_1m_utm.tif,0.0060369577,0.9897188,0.0042441874
690,deploy/44QQJ_20210420_B04_BEN_0_55_17_1m_utm.tif,0.0012300471,0.9986475,0.00012248129
691,deploy/44QQJ_20210420_B04_BEN_14_71_17_1m_utm.tif,0.001215499,0.99857116,0.00021334544
692,deploy/44QQJ_20210420_B04_BEN_17_72_17_1m_utm.tif,0.0018140015,0.99751496,0.000670995
693,deploy/44QQJ_20210420_B04_BEN_21_35_17_1m_utm.tif,0.0008181413,0.9989427,0.00023923723
694,deploy/44QQJ_20210420_B04_BEN_24_50_17_1m_utm.tif,0.040312406,0.9164799,0.043207746
695,deploy/44QQJ_20210420_B04_BEN_2_78_17_1m_utm.tif,0.0023326592,0.99753237,0.00013490974
696,deploy/44QQJ_20210420_B04_BEN_31_71_17_1m_utm.tif,0.0005618784,0.99901164,0.00042648052
697,deploy/44QQJ_20210420_B04_BEN_39_71_17_1m_utm.tif,0.0014797547,0.9981342,0.0003861097
698,deploy/44QQJ_20210420_B04_BEN_47_67_17_1m_utm.tif,0.0011555868,0.9983542,0.00049022917
699,deploy/44QQJ_20210420_B04_BEN_53_66_17_1m_utm.tif,0.0007535656,0.9989556,0.00029075769
700,deploy/44QQJ_20210420_B04_BEN_56_0_17_1m_utm.tif,0.0030545911,0.9949986,0.0019467642
701,deploy/44QQJ_20210420_B04_BEN_5_58_17_1m_utm.tif,0.0020907365,0.9977696,0.00013963834
702,deploy/44QQJ_20210420_B04_BEN_61_67_17_1m_utm.tif,0.007555705,0.99132216,0.0011220784
703,deploy/44QQJ_20210420_B04_BEN_8_78_17_1m_utm.tif,0.008757391,0.98306805,0.008174526
704,deploy/44QQK_20210405_B04_BEN_33_25_17_1m_utm.tif,0.003849261,0.9946907,0.001460078
705,deploy/44QQK_20210405_B04_BEN_34_26_17_1m_utm.tif,0.0652282,0.90342927,0.031342592
706,deploy/44QQK_20210405_B04_BEN_36_37_17_1m_utm.tif,0.015711784,0.98191077,0.0023774481
707,deploy/44QQK_20210405_B04_BEN_37_37_17_1m_utm.tif,0.15718733,0.81496894,0.027843708
708,deploy/44QQK_20210405_B04_BEN_38_37_17_1m_utm.tif,0.98219556,0.0025919762,0.0152125275
709,deploy/44QQK_20210405_B04_BEN_39_74_17_1m_utm.tif,0.001056396,0.9982205,0.0007231526
710,deploy/44QQK_20210405_B04_BEN_41_66_17_1m_utm.tif,0.0030819476,0.99501485,0.0019032307
711,deploy/44QQK_20210405_B04_BEN_47_21_17_1m_utm.tif,0.53919053,0.039391086,0.42141837
712,deploy/44QQK_20210405_B04_BEN_48_32_17_1m_utm.tif,0.0013550225,0.9983248,0.00032018128
713,deploy/44QQK_20210405_B04_BEN_49_13_17_1m_utm.tif,0.0024787437,0.9966292,0.0008919751
714,deploy/44QQK_20210405_B04_BEN_53_18_17_1m_utm.tif,0.15152676,0.79124403,0.057229176
715,deploy/44QQK_20210405_B04_BEN_55_13_17_1m_utm.tif,0.6862728,0.23950641,0.0742208
716,deploy/44QQK_20210405_B04_BEN_61_74_17_1m_utm.tif,0.0018134457,0.9975037,0.0006829004
717,deploy/44QQK_20210405_B04_BEN_64_68_17_1m_utm.tif,0.093603104,0.84183246,0.06456437
718,deploy/44QQK_20210405_B04_BEN_64_73_17_1m_utm.tif,0.0011634256,0.99867505,0.00016150963
719,deploy/44QQK_20210405_B04_BEN_64_78_17_1m_utm.tif,0.0005723036,0.9990176,0.00040998793
720,deploy/44QQK_20210405_B04_BEN_65_38_17_1m_utm.tif,0.86660004,0.06762792,0.06577206
721,deploy/44QQK_20210405_B04_BEN_65_50_17_1m_utm.tif,0.0008555571,0.9990575,8.690505e-05
722,deploy/44QQK_20210405_B04_BEN_66_54_17_1m_utm.tif,0.00087834586,0.9990637,5.8057743e-05
723,deploy/44QQK_20210405_B04_BEN_68_78_17_1m_utm.tif,0.0014461015,0.99843496,0.00011889362
724,deploy/44QQK_20210405_B04_BEN_69_54_17_1m_utm.tif,0.0034899877,0.996287,0.00022307521
725,deploy/44QQK_20210405_B04_BEN_69_74_17_1m_utm.tif,0.0012278755,0.99800116,0.0007709035
726,deploy/44QQK_20210405_B04_BEN_70_54_17_1m_utm.tif,0.004891872,0.9923539,0.002754193
727,deploy/44QQK_20210405_B04_BEN_70_55_17_1m_utm.tif,0.0015147522,0.99839216,9.310813e-05
728,deploy/44QQK_20210405_B04_BEN_70_68_17_1m_utm.tif,0.07326399,0.81886053,0.107875496
729,deploy/44QQK_20210405_B04_BEN_72_72_17_1m_utm.tif,0.02177611,0.9681032,0.010120691
730,deploy/44QQL_20210420_B04_BEN_10_19_17_1m_utm.tif,0.002553727,0.99539256,0.0020537775
731,deploy/44QQL_20210420_B04_BEN_11_8_17_1m_utm.tif,0.0004879283,0.9992519,0.00026014601
732,deploy/44QQL_20210420_B04_BEN_4_8_17_1m_utm.tif,0.0020814545,0.99615127,0.001767265
733,deploy/44QRG_20210417_B04_BEN_52_72_17_1m_utm.tif,0.0074734814,0.98998296,0.0025435388
734,deploy/44QRG_20210417_B04_BEN_57_66_17_1m_utm.tif,0.03796053,0.94133735,0.020702183
735,deploy/44QRH_20210407_B04_BEN_2_40_17_1m_utm.tif,0.0019054592,0.9971295,0.00096511503
736,deploy/44QRJ_20210407_B04_BEN_28_1_17_1m_utm.tif,0.006821368,0.9878709,0.005307868
737,deploy/44QRJ_20210407_B04_BEN_29_1_17_1m_utm.tif,0.007020697,0.98977774,0.0032015687
738,deploy/44QRJ_20210407_B04_BEN_53_1_17_1m_utm.tif,0.0012836137,0.99800533,0.000711138
739,deploy/44QRJ_20210407_B04_BEN_61_1_17_1m_utm.tif,0.0005521912,0.99924624,0.00020157432
740,deploy/44QRJ_20210407_B04_BEN_66_2_17_1m_utm.tif,0.0006998038,0.9988085,0.00049176085
741,deploy/44QRJ_20210407_B04_BEN_66_5_17_1m_utm.tif,0.0033275285,0.9952728,0.0013996264
742,deploy/44QRJ_20210407_B04_BEN_69_7_17_1m_utm.tif,0.001953584,0.9960699,0.0019764332
743,deploy/44QRJ_20210407_B04_BEN_72_36_17_1m_utm.tif,0.0013863513,0.9978809,0.00073278625
744,deploy/44QRK_20210522_B04_BEN_0_27_17_1m_utm.tif,0.00072911486,0.9984718,0.00079900405
745,deploy/44QRK_20210522_B04_BEN_0_67_17_1m_utm.tif,0.0013554507,0.99812704,0.0005174749
746,deploy/44QRK_20210522_B04_BEN_0_74_17_1m_utm.tif,0.0005918987,0.9988311,0.00057705864
747,deploy/44QRK_20210522_B04_BEN_10_52_17_1m_utm.tif,0.0011549491,0.99808645,0.00075856474
748,deploy/44QRK_20210522_B04_BEN_10_78_17_1m_utm.tif,0.0017426988,0.9968387,0.0014186286
749,deploy/44QRK_20210522_B04_BEN_11_66_17_1m_utm.tif,0.0025722545,0.9953974,0.0020303614
750,deploy/44QRK_20210522_B04_BEN_11_68_17_1m_utm.tif,0.003021339,0.99495184,0.0020269305
751,deploy/44QRK_20210522_B04_BEN_12_43_17_1m_utm.tif,0.00045923638,0.99900204,0.0005387805
752,deploy/44QRK_20210522_B04_BEN_12_68_17_1m_utm.tif,0.009928451,0.9864283,0.0036432436
753,deploy/44QRK_20210522_B04_BEN_12_75_17_1m_utm.tif,0.0012554016,0.9980831,0.0006615401
754,deploy/44QRK_20210522_B04_BEN_12_78_17_1m_utm.tif,0.0034097498,0.9920488,0.0045414492
755,deploy/44QRK_20210522_B04_BEN_13_56_17_1m_utm.tif,0.00035016827,0.99946636,0.00018349245
756,deploy/44QRK_20210522_B04_BEN_13_73_17_1m_utm.tif,0.0020420228,0.99688005,0.0010779444
757,deploy/44QRK_20210522_B04_BEN_13_74_17_1m_utm.tif,0.0024338188,0.9947292,0.0028369278
758,deploy/44QRK_20210522_B04_BEN_15_34_17_1m_utm.tif,0.0011971612,0.99811554,0.00068731845
759,deploy/44QRK_20210522_B04_BEN_15_52_17_1m_utm.tif,0.0007879212,0.9988457,0.00036640864
760,deploy/44QRK_20210522_B04_BEN_15_54_17_1m_utm.tif,0.00024900716,0.9995005,0.00025049725
761,deploy/44QRK_20210522_B04_BEN_15_57_17_1m_utm.tif,0.00012646138,0.99976546,0.000108142165
762,deploy/44QRK_20210522_B04_BEN_15_59_17_1m_utm.tif,0.0006302182,0.9990043,0.00036545208
763,deploy/44QRK_20210522_B04_BEN_16_54_17_1m_utm.tif,0.00018742889,0.999637,0.000175546
764,deploy/44QRK_20210522_B04_BEN_16_57_17_1m_utm.tif,0.000114917144,0.99977154,0.00011362111
765,deploy/44QRK_20210522_B04_BEN_16_59_17_1m_utm.tif,0.00092456205,0.9984786,0.00059682375
766,deploy/44QRK_20210522_B04_BEN_16_68_17_1m_utm.tif,0.0017364662,0.9975649,0.00069861265
767,deploy/44QRK_20210522_B04_BEN_17_54_17_1m_utm.tif,0.00017263657,0.9997197,0.00010763266
768,deploy/44QRK_20210522_B04_BEN_17_59_17_1m_utm.tif,0.00093555695,0.9984553,0.0006091964
769,deploy/44QRK_20210522_B04_BEN_17_62_17_1m_utm.tif,0.0016864401,0.99717087,0.0011427382
770,deploy/44QRK_20210522_B04_BEN_17_66_17_1m_utm.tif,0.00067475816,0.99884367,0.00048148117
771,deploy/44QRK_20210522_B04_BEN_17_69_17_1m_utm.tif,0.0010657475,0.9983797,0.00055453397
772,deploy/44QRK_20210522_B04_BEN_17_76_17_1m_utm.tif,0.0030845036,0.9932754,0.0036400496
773,deploy/44QRK_20210522_B04_BEN_18_56_17_1m_utm.tif,0.0008195058,0.99860007,0.0005805004
774,deploy/44QRK_20210522_B04_BEN_18_57_17_1m_utm.tif,0.0003670662,0.99937326,0.0002597284
775,deploy/44QRK_20210522_B04_BEN_18_5_17_1m_utm.tif,0.0017570031,0.997633,0.0006099373
776,deploy/44QRK_20210522_B04_BEN_18_62_17_1m_utm.tif,0.0010965142,0.99847335,0.00043010627
777,deploy/44QRK_20210522_B04_BEN_19_51_17_1m_utm.tif,0.0025772057,0.99668056,0.00074227416
778,deploy/44QRK_20210522_B04_BEN_19_55_17_1m_utm.tif,0.00063972606,0.99894506,0.0004151876
779,deploy/44QRK_20210522_B04_BEN_19_58_17_1m_utm.tif,0.0006598287,0.99889237,0.00044779756
780,deploy/44QRK_20210522_B04_BEN_19_61_17_1m_utm.tif,0.0025092058,0.9963438,0.0011469536
781,deploy/44QRK_20210522_B04_BEN_1_55_17_1m_utm.tif,0.0016746483,0.99786574,0.00045966913
782,deploy/44QRK_20210522_B04_BEN_20_53_17_1m_utm.tif,0.0021836576,0.9958105,0.002005854
783,deploy/44QRK_20210522_B04_BEN_20_55_17_1m_utm.tif,0.0002698282,0.9995296,0.0002005449
784,deploy/44QRK_20210522_B04_BEN_20_59_17_1m_utm.tif,0.0009827471,0.9983169,0.00070031505
785,deploy/44QRK_20210522_B04_BEN_20_70_17_1m_utm.tif,0.0018561482,0.9970656,0.0010782612
786,deploy/44QRK_20210522_B04_BEN_21_57_17_1m_utm.tif,0.00049594126,0.99895585,0.0005480985
787,deploy/44QRK_20210522_B04_BEN_21_70_17_1m_utm.tif,0.00069504604,0.9989949,0.00031009706
788,deploy/44QRK_20210522_B04_BEN_22_57_17_1m_utm.tif,0.0004748121,0.9991943,0.0003309077
789,deploy/44QRK_20210522_B04_BEN_23_10_17_1m_utm.tif,0.0008110736,0.9989196,0.00026932964
790,deploy/44QRK_20210522_B04_BEN_23_32_17_1m_utm.tif,0.0018186006,0.99706995,0.0011115053
791,deploy/44QRK_20210522_B04_BEN_23_37_17_1m_utm.tif,0.0010311424,0.9984497,0.0005191357
792,deploy/44QRK_20210522_B04_BEN_23_44_17_1m_utm.tif,0.0006520161,0.9988489,0.0004989831
793,deploy/44QRK_20210522_B04_BEN_23_49_17_1m_utm.tif,0.0007810571,0.9987006,0.0005183016
794,deploy/44QRK_20210522_B04_BEN_23_57_17_1m_utm.tif,0.0012622802,0.998315,0.00042269315
795,deploy/44QRK_20210522_B04_BEN_23_71_17_1m_utm.tif,0.00012418715,0.999777,9.881998e-05
796,deploy/44QRK_20210522_B04_BEN_24_11_17_1m_utm.tif,0.00071713317,0.99868494,0.0005979345
797,deploy/44QRK_20210522_B04_BEN_24_40_17_1m_utm.tif,0.0012754176,0.9979437,0.000780894
798,deploy/44QRK_20210522_B04_BEN_24_44_17_1m_utm.tif,0.8331994,0.08137183,0.08542883
799,deploy/44QRK_20210522_B04_BEN_24_57_17_1m_utm.tif,0.00680633,0.9884107,0.004782932
800,deploy/44QRK_20210522_B04_BEN_24_61_17_1m_utm.tif,0.001533757,0.99788827,0.0005780466
801,deploy/44QRK_20210522_B04_BEN_24_62_17_1m_utm.tif,0.0025222693,0.9957567,0.0017210735
802,deploy/44QRK_20210522_B04_BEN_24_63_17_1m_utm.tif,0.001676659,0.99739313,0.0009301288
803,deploy/44QRK_20210522_B04_BEN_24_66_17_1m_utm.tif,0.0011184415,0.99781203,0.0010694852
804,deploy/44QRK_20210522_B04_BEN_25_47_17_1m_utm.tif,0.00074999424,0.99874014,0.0005099117
805,deploy/44QRK_20210522_B04_BEN_25_55_17_1m_utm.tif,0.0008525602,0.99880075,0.00034677007
806,deploy/44QRK_20210522_B04_BEN_25_60_17_1m_utm.tif,0.0016605285,0.99698776,0.0013516408
807,deploy/44QRK_20210522_B04_BEN_25_62_17_1m_utm.tif,0.032918517,0.9484028,0.0186786
808,deploy/44QRK_20210522_B04_BEN_25_63_17_1m_utm.tif,0.03382139,0.94241875,0.023759877
809,deploy/44QRK_20210522_B04_BEN_25_69_17_1m_utm.tif,0.000111333604,0.9998267,6.2029874e-05
810,deploy/44QRK_20210522_B04_BEN_26_22_17_1m_utm.tif,0.00056474755,0.99913687,0.00029840862
811,deploy/44QRK_20210522_B04_BEN_26_57_17_1m_utm.tif,0.11466129,0.84736776,0.037970882
812,deploy/44QRK_20210522_B04_BEN_26_62_17_1m_utm.tif,0.1790607,0.21025518,0.6106841
813,deploy/44QRK_20210522_B04_BEN_26_71_17_1m_utm.tif,0.13180433,0.7900815,0.078114115
814,deploy/44QRK_20210522_B04_BEN_27_50_17_1m_utm.tif,0.00446705,0.99298084,0.0025521587
815,deploy/44QRK_20210522_B04_BEN_27_62_17_1m_utm.tif,0.003399974,0.9941835,0.0024165753
816,deploy/44QRK_20210522_B04_BEN_27_66_17_1m_utm.tif,0.0004181025,0.9993587,0.00022317373
817,deploy/44QRK_20210522_B04_BEN_27_69_17_1m_utm.tif,0.08894441,0.5021456,0.40891
818,deploy/44QRK_20210522_B04_BEN_28_41_17_1m_utm.tif,0.004870244,0.9926394,0.0024903112
819,deploy/44QRK_20210522_B04_BEN_28_51_17_1m_utm.tif,0.0008520396,0.998565,0.00058293645
820,deploy/44QRK_20210522_B04_BEN_28_62_17_1m_utm.tif,0.014863803,0.97046494,0.014671292
821,deploy/44QRK_20210522_B04_BEN_28_67_17_1m_utm.tif,0.00025264415,0.9994697,0.00027772656
822,deploy/44QRK_20210522_B04_BEN_28_69_17_1m_utm.tif,0.0006520784,0.9989225,0.00042531115
823,deploy/44QRK_20210522_B04_BEN_29_41_17_1m_utm.tif,0.0008109477,0.9987759,0.000413127
824,deploy/44QRK_20210522_B04_BEN_29_47_17_1m_utm.tif,0.0010553399,0.99806494,0.0008796907
825,deploy/44QRK_20210522_B04_BEN_29_50_17_1m_utm.tif,0.00019573208,0.9995283,0.00027594488
826,deploy/44QRK_20210522_B04_BEN_29_51_17_1m_utm.tif,0.0005721957,0.99880016,0.00062759256
827,deploy/44QRK_20210522_B04_BEN_29_62_17_1m_utm.tif,0.0004406724,0.9992662,0.00029314627
828,deploy/44QRK_20210522_B04_BEN_30_66_17_1m_utm.tif,0.0008035038,0.998904,0.00029246797
829,deploy/44QRK_20210522_B04_BEN_30_71_17_1m_utm.tif,0.0019188577,0.9967386,0.001342595
830,deploy/44QRK_20210522_B04_BEN_31_30_17_1m_utm.tif,0.002829193,0.99412435,0.0030465492
831,deploy/44QRK_20210522_B04_BEN_31_68_17_1m_utm.tif,0.00023372793,0.99960154,0.00016477733
832,deploy/44QRK_20210522_B04_BEN_31_69_17_1m_utm.tif,0.035340153,0.9497116,0.0149483
833,deploy/44QRK_20210522_B04_BEN_31_71_17_1m_utm.tif,0.0006224054,0.99877435,0.0006032094
834,deploy/44QRK_20210522_B04_BEN_31_73_17_1m_utm.tif,0.0006079765,0.9990108,0.00038125998
835,deploy/44QRK_20210522_B04_BEN_32_13_17_1m_utm.tif,0.0016779451,0.9976724,0.0006497357
836,deploy/44QRK_20210522_B04_BEN_32_49_17_1m_utm.tif,0.0005486577,0.9989334,0.00051796425
837,deploy/44QRK_20210522_B04_BEN_32_72_17_1m_utm.tif,0.001598703,0.99755377,0.0008474707
838,deploy/44QRK_20210522_B04_BEN_33_62_17_1m_utm.tif,0.00040862046,0.9993709,0.00022056479
839,deploy/44QRK_20210522_B04_BEN_33_71_17_1m_utm.tif,0.00091666257,0.9986137,0.00046965064
840,deploy/44QRK_20210522_B04_BEN_34_62_17_1m_utm.tif,0.0004273257,0.99939084,0.00018180664
841,deploy/44QRK_20210522_B04_BEN_34_71_17_1m_utm.tif,0.00080538105,0.99868387,0.0005107137
842,deploy/44QRK_20210522_B04_BEN_34_72_17_1m_utm.tif,0.0016887793,0.9977563,0.0005549337
843,deploy/44QRK_20210522_B04_BEN_34_78_17_1m_utm.tif,0.00042154331,0.9993616,0.00021694908
844,deploy/44QRK_20210522_B04_BEN_35_65_17_1m_utm.tif,0.0015444538,0.99774134,0.00071428134
845,deploy/44QRK_20210522_B04_BEN_35_72_17_1m_utm.tif,0.0018043272,0.99728703,0.00090866856
846,deploy/44QRK_20210522_B04_BEN_35_7_17_1m_utm.tif,0.0014286735,0.99813336,0.00043799035
847,deploy/44QRK_20210522_B04_BEN_36_61_17_1m_utm.tif,0.00014292507,0.99979824,5.884762e-05
848,deploy/44QRK_20210522_B04_BEN_38_61_17_1m_utm.tif,0.0011626951,0.9982474,0.000589838
849,deploy/44QRK_20210522_B04_BEN_38_7_17_1m_utm.tif,0.002786586,0.99563485,0.0015785985
850,deploy/44QRK_20210522_B04_BEN_39_78_17_1m_utm.tif,0.0002471195,0.9996383,0.000114522765
851,deploy/44QRK_20210522_B04_BEN_3_54_17_1m_utm.tif,0.0041182484,0.9938605,0.0020211786
852,deploy/44QRK_20210522_B04_BEN_40_72_17_1m_utm.tif,0.00027776053,0.99961096,0.00011131893
853,deploy/44QRK_20210522_B04_BEN_43_59_17_1m_utm.tif,0.0010364503,0.99826616,0.0006975134
854,deploy/44QRK_20210522_B04_BEN_44_58_17_1m_utm.tif,0.0032877454,0.9949876,0.0017245935
855,deploy/44QRK_20210522_B04_BEN_44_76_17_1m_utm.tif,0.00045409618,0.9993338,0.0002120686
856,deploy/44QRK_20210522_B04_BEN_47_17_17_1m_utm.tif,0.001436644,0.9979869,0.0005764321
857,deploy/44QRK_20210522_B04_BEN_47_8_17_1m_utm.tif,0.0008013995,0.99848086,0.00071772584
858,deploy/44QRK_20210522_B04_BEN_49_3_17_1m_utm.tif,0.0010727135,0.9984345,0.0004927473
859,deploy/44QRK_20210522_B04_BEN_55_63_17_1m_utm.tif,0.00022149505,0.99964654,0.00013190112
860,deploy/44QRK_20210522_B04_BEN_57_56_17_1m_utm.tif,0.0019316429,0.99685067,0.0012177341
861,deploy/44QRK_20210522_B04_BEN_58_16_17_1m_utm.tif,0.0022581974,0.9966809,0.0010608358
862,deploy/44QRK_20210522_B04_BEN_58_72_17_1m_utm.tif,0.0018535907,0.9972807,0.0008657631
863,deploy/44QRK_20210522_B04_BEN_59_10_17_1m_utm.tif,0.026706059,0.95995754,0.013336526
864,deploy/44QRK_20210522_B04_BEN_59_4_17_1m_utm.tif,0.005547978,0.9903441,0.004107836
865,deploy/44QRK_20210522_B04_BEN_5_52_17_1m_utm.tif,0.004221352,0.9931248,0.0026539606
866,deploy/44QRK_20210522_B04_BEN_60_9_17_1m_utm.tif,0.17971717,0.102310196,0.7179726
867,deploy/44QRK_20210522_B04_BEN_61_3_17_1m_utm.tif,0.0010367812,0.99867404,0.00028915785
868,deploy/44QRK_20210522_B04_BEN_61_51_17_1m_utm.tif,0.0027855323,0.99654573,0.00066869985
869,deploy/44QRK_20210522_B04_BEN_61_57_17_1m_utm.tif,0.0005511092,0.9991679,0.00028093476
870,deploy/44QRK_20210522_B04_BEN_62_12_17_1m_utm.tif,0.00036580485,0.9993709,0.00026325192
871,deploy/44QRK_20210522_B04_BEN_62_53_17_1m_utm.tif,0.00018453438,0.999724,9.15025e-05
872,deploy/44QRK_20210522_B04_BEN_62_63_17_1m_utm.tif,0.0008664561,0.99856925,0.00056424487
873,deploy/44QRK_20210522_B04_BEN_63_8_17_1m_utm.tif,0.02748104,0.9606459,0.011872946
874,deploy/44QRK_20210522_B04_BEN_66_50_17_1m_utm.tif,0.00020203456,0.9996784,0.000119616954
875,deploy/44QRK_20210522_B04_BEN_67_54_17_1m_utm.tif,0.00018366693,0.99974054,7.583794e-05
876,deploy/44QRK_20210522_B04_BEN_69_54_17_1m_utm.tif,0.00024226081,0.9996654,9.2373804e-05
877,deploy/44QRK_20210522_B04_BEN_69_73_17_1m_utm.tif,0.00043773704,0.9994186,0.00014362381
878,deploy/44QRK_20210522_B04_BEN_69_9_17_1m_utm.tif,0.004281694,0.9934534,0.00226492
879,deploy/44QRK_20210522_B04_BEN_6_69_17_1m_utm.tif,0.00084506004,0.9985827,0.0005722864
880,deploy/44QRK_20210522_B04_BEN_70_0_17_1m_utm.tif,0.002351736,0.9969784,0.00066987117
881,deploy/44QRK_20210522_B04_BEN_70_55_17_1m_utm.tif,0.013535508,0.97593313,0.010531361
882,deploy/44QRK_20210522_B04_BEN_72_75_17_1m_utm.tif,0.0012060916,0.99822396,0.0005700108
883,deploy/44QRK_20210522_B04_BEN_74_76_17_1m_utm.tif,0.0002614019,0.99965405,8.451957e-05
884,deploy/44QRK_20210522_B04_BEN_75_11_17_1m_utm.tif,0.0010475534,0.99842834,0.00052414974
885,deploy/44QRK_20210522_B04_BEN_75_19_17_1m_utm.tif,0.0013145886,0.9977615,0.00092391175
886,deploy/44QRK_20210522_B04_BEN_75_61_17_1m_utm.tif,0.0026594906,0.99575764,0.0015828569
887,deploy/44QRK_20210522_B04_BEN_8_70_17_1m_utm.tif,0.00021198328,0.999617,0.00017103899
888,deploy/44QRK_20210522_B04_BEN_8_76_17_1m_utm.tif,0.018751942,0.9412264,0.040021617
889,deploy/44QRK_20210522_B04_BEN_9_24_17_1m_utm.tif,0.00019815515,0.99963236,0.00016948365
